name,value,year,lastValue,rank
民俗,151247.4,2018,122247.4,1
民俗,151447.4,2017.9,121414.8,1
民俗,148414.8,2017.8,128414.8,1
民俗,135382.2,2017.7,125382.2,1
民俗,122349.6,2017.6,122349.6,1
民俗,119317,2017.5,119317,1
民俗,116284.4,2017.4,116284.4,1
民俗,103251.8,2017.3,103251.8,1
民俗,1090219.2,2017.2,120219.2,1
民俗,97186.6,2017.1,97186.6,1
民俗,104154,2017,103550.5,1
民俗,103550.5,2016.9,103550.5,1
民俗,92947,2016.8,92947,1
民俗,102343.5,2016.7,102343.5,1
民俗,181740,2016.6,81136.5,1
民俗,81136.5,2016.5,80533,1
民俗,80533,2016.4,79929.5,1
民俗,89929.5,2016.3,79326,1
民俗,109326,2016.2,78722.5,1
民俗,108722.5,2016.1,118119,1
民俗,108119,2016,77334.7,1
民俗,107334.7,2015.9,76550.4,1
民俗,96550.4,2015.8,75766.1,1
民俗,95766.1,2015.7,74981.8,1
民俗,94981.8,2015.6,84197.5,1
民俗,94197.5,2015.5,83413.2,1
民俗,93413.2,2015.4,92628.9,1
民俗,92628.9,2015.3,91844.6,1
民俗,91844.6,2015.2,91060.3,1
民俗,81060.3,2015.1,100276,1
民俗,170276,2015,111134.7,1
民俗,85134.7,2014.9,119993.4,1
民俗,80993.4,2014.8,114852.1,1
传统舞蹈,135506,2018,104125.7,2
民俗,94852.1,2014.7,119710.8,1
传统舞蹈,124125.7,2017.9,122745.4,2
传统舞蹈,122745.4,2017.8,121365.1,2
传统舞蹈,111365.1,2017.7,119984.8,2
传统舞蹈,129984.8,2017.6,120604.5,2
民俗,129710.8,2014.6,114569.5,1
传统舞蹈,108604.5,2017.5,107224.2,2
传统舞蹈,147224.2,2017.4,115843.9,2
传统舞蹈,145843.9,2017.3,114463.6,2
民俗,144569.5,2014.5,109428.2,1
传统舞蹈,144463.6,2017.2,103083.3,2
传统舞蹈,143083.3,2017.1,111703,2
传统舞蹈,141703,2017,110857.9,2
传统舞蹈,140857.9,2016.9,110012.8,2
传统舞蹈,140012.8,2016.8,110167.7,2
民俗,139428.2,2014.4,104286.9,1
传统舞蹈,139167.7,2016.7,108322.6,2
传统舞蹈,138322.6,2016.6,107477.5,2
传统舞蹈,137477.5,2016.5,106632.4,2
传统舞蹈,136632.4,2016.4,105787.3,2
传统舞蹈,135787.3,2016.3,104942.2,2
传统舞蹈,134942.2,2016.2,10097.1,2
民俗,134286.9,2014.3,89145.6,1
传统舞蹈,134097.1,2016.1,103252,2
传统舞蹈,133252,2016,101958.2,2
传统舞蹈,131958.2,2015.9,100664.4,2
传统舞蹈,130664.4,2015.8,109370.6,2
传统舞蹈,129370.6,2015.7,108076.8,2
民俗,129145.6,2014.2,104004.3,1
传统舞蹈,128076.8,2015.6,106783,2
传统舞蹈,126783,2015.5,105489.2,2
传统舞蹈,125489.2,2015.4,104195.4,2
传统舞蹈,124195.4,2015.3,10901.6,2
民俗,124004.3,2014.1,118863,1
传统舞蹈,122901.6,2015.2,101607.8,2
传统舞蹈,121607.8,2015.1,120314,2
传统舞蹈,120314,2015,119026.5,2
传统舞蹈,119026.5,2014.9,117739,2
民俗,118863,2014,116808.3,1
传统舞蹈,117739,2014.8,116451.5,2
民俗,116808.3,2013.9,114753.6,1
传统舞蹈,116451.5,2014.7,115164,2
传统舞蹈,115164,2014.6,113876.5,2
民俗,114753.6,2013.8,112698.9,1
传统舞蹈,113876.5,2014.5,112589,2
民俗,112698.9,2013.7,110644.2,1
传统舞蹈,112589,2014.4,111301.5,2
传统舞蹈,111301.5,2014.3,110014,2
民俗,110644.2,2013.6,108589.5,1
传统舞蹈,110014,2014.2,108726.5,2
传统舞蹈,108726.5,2014.1,107439,2
民俗,108589.5,2013.5,106534.8,1
传统舞蹈,107439,2014,106024.2,2
民俗,106534.8,2013.4,104480.1,1
传统舞蹈,106024.2,2013.9,104609.4,2
传统舞蹈,104609.4,2013.8,103194.6,2
民俗,104480.1,2013.3,102425.4,1
传统舞蹈,103194.6,2013.7,101779.8,2
民俗,102425.4,2013.2,100370.7,1
传统舞蹈,101779.8,2013.6,100365,2
传统戏剧,100764,2018,97167.2,3
民俗,100370.7,2013.1,98316,1
传统舞蹈,100365,2013.5,98950.2,2
传统舞蹈,98950.2,2013.4,97535.4,2
民俗,98316,2013,96141.2,1
传统舞蹈,97535.4,2013.3,96120.6,2
传统戏剧,97167.2,2017.9,93570.4,3
民俗,96141.2,2012.9,93966.4,1
传统舞蹈,96120.6,2013.2,94705.8,2
传统舞蹈,94705.8,2013.1,93291,2
民俗,93966.4,2012.8,91791.6,1
传统戏剧,93570.4,2017.8,89973.6,3
传统舞蹈,93291,2013,90934.5,2
民间文学,92715,2018,91443.4,4
民俗,91791.6,2012.7,89616.8,1
民间文学,91443.4,2017.9,90171.8,4
传统舞蹈,90934.5,2012.9,88578,2
民间文学,90171.8,2017.8,88900.2,4
传统戏剧,89973.6,2017.7,86376.8,3
民俗,89616.8,2012.6,87442,1
民间文学,88900.2,2017.7,87628.6,4
传统舞蹈,88578,2012.8,86221.5,2
民间文学,87628.6,2017.6,86357,3
民俗,87442,2012.5,85267.2,1
传统戏剧,86376.8,2017.6,82780,4
民间文学,86357,2017.5,85085.4,3
传统舞蹈,86221.5,2012.7,83865,2
民俗,85267.2,2012.4,83092.4,1
民间文学,85085.4,2017.4,83813.8,3
传统舞蹈,83865,2012.6,81508.5,2
民间文学,83813.8,2017.3,82542.2,3
民俗,83092.4,2012.3,80917.6,1
传统戏剧,82780,2017.5,79183.2,4
民间文学,82542.2,2017.2,81270.6,3
传统体育、游艺与杂技,81563,2014,81328,3
传统舞蹈,81508.5,2012.5,79152,2
传统体育、游艺与杂技,81328,2013.9,81093,3
民间文学,81270.6,2017.1,79999,3
传统体育、游艺与杂技,81249,2014.1,81563,3
传统体育、游艺与杂技,81093,2013.8,80858,3
传统体育、游艺与杂技,80935,2014.2,81249,3
民俗,80917.6,2012.2,78742.8,1
传统体育、游艺与杂技,80858,2013.7,80623,3
传统体育、游艺与杂技,80623,2013.6,80388,3
传统体育、游艺与杂技,80621,2014.3,80935,3
传统体育、游艺与杂技,80388,2013.5,80153,3
传统体育、游艺与杂技,80307,2014.4,80621,3
传统体育、游艺与杂技,80153,2013.4,79918,3
民间文学,79999,2017,79278.6,3
传统体育、游艺与杂技,79993,2014.5,80307,3
传统体育、游艺与杂技,79918,2013.3,79683,3
传统体育、游艺与杂技,79683,2013.2,79448,3
传统体育、游艺与杂技,79679,2014.6,79993,3
传统体育、游艺与杂技,79448,2013.1,79213,3
传统体育、游艺与杂技,79365,2014.7,79679,3
民间文学,79278.6,2016.9,78558.2,3
传统体育、游艺与杂技,79213,2013,79075.6,3
传统戏剧,79183.2,2017.4,75586.4,4
传统舞蹈,79152,2012.4,76795.5,2
传统体育、游艺与杂技,79075.6,2012.9,78938.2,3
传统体育、游艺与杂技,79051,2014.8,79365,3
传统体育、游艺与杂技,78938.2,2012.8,78800.8,3
曲艺,78808,2013,78480.4,4
传统体育、游艺与杂技,78800.8,2012.7,78663.4,3
民俗,78742.8,2012.1,76568,1
传统体育、游艺与杂技,78737,2014.9,79051,3
传统体育、游艺与杂技,78663.4,2012.6,78526,3
民间文学,78558.2,2016.8,77837.8,3
传统体育、游艺与杂技,78526,2012.5,78388.6,3
曲艺,78480.4,2012.9,78152.8,4
传统体育、游艺与杂技,78423,2015,78737,3
传统体育、游艺与杂技,78388.6,2012.4,78251.2,3
传统体育、游艺与杂技,78251.2,2012.3,78113.8,2
曲艺,78152.8,2012.8,77825.2,4
曲艺,78151.6,2013.1,78808,4
传统体育、游艺与杂技,78113.8,2012.2,77976.4,2
传统体育、游艺与杂技,77976.4,2012.1,77839,2
传统体育、游艺与杂技,77890.9,2015.1,78423,3
传统体育、游艺与杂技,77839,2012,77241.2,1
民间文学,77837.8,2016.7,77117.4,3
曲艺,77825.2,2012.7,77497.6,4
曲艺,77497.6,2012.6,77170,4
曲艺,77495.2,2013.2,78151.6,4
传统体育、游艺与杂技,77358.8,2015.2,77890.9,3
传统体育、游艺与杂技,77241.2,2011.9,76643.4,1
曲艺,77170,2012.5,76842.4,4
民间文学,77117.4,2016.6,76397,3
曲艺,76842.4,2012.4,76514.8,4
曲艺,76838.8,2013.3,77495.2,4
传统体育、游艺与杂技,76826.7,2015.3,77358.8,3
传统舞蹈,76795.5,2012.3,74439,3
传统体育、游艺与杂技,76643.4,2011.8,76045.6,1
民俗,76568,2012,72260.4,2
曲艺,76514.8,2012.3,76187.2,4
民间文学,76397,2016.5,75676.6,3
传统体育、游艺与杂技,76294.6,2015.4,76826.7,3
曲艺,76187.2,2012.2,75859.6,3
曲艺,76182.4,2013.4,76838.8,4
传统体育、游艺与杂技,76045.6,2011.7,75447.8,1
曲艺,75859.6,2012.1,75532,3
传统体育、游艺与杂技,75762.5,2015.5,76294.6,3
民间文学,75676.6,2016.4,74956.2,3
传统戏剧,75586.4,2017.3,71989.6,4
曲艺,75532,2012,74969.3,3
曲艺,75526,2013.5,76182.4,4
传统体育、游艺与杂技,75447.8,2011.6,74850,1
传统体育、游艺与杂技,75230.4,2015.6,75762.5,3
曲艺,74969.3,2011.9,74406.6,2
民间文学,74956.2,2016.3,74235.8,3
曲艺,74869.6,2013.6,75526,4
传统体育、游艺与杂技,74850,2011.5,74252.2,1
传统体育、游艺与杂技,74698.3,2015.7,75230.4,3
传统舞蹈,74439,2012.2,72082.5,4
曲艺,74406.6,2011.8,73843.9,2
传统体育、游艺与杂技,74252.2,2011.4,73654.4,1
民间文学,74235.8,2016.2,73515.4,3
曲艺,74213.2,2013.7,74869.6,4
传统体育、游艺与杂技,74166.2,2015.8,74698.3,3
曲艺,73843.9,2011.7,73281.2,2
传统体育、游艺与杂技,73654.4,2011.3,73056.6,1
传统体育、游艺与杂技,73634.1,2015.9,74166.2,3
曲艺,73556.8,2013.8,74213.2,4
民间文学,73515.4,2016.1,72795,3
曲艺,73281.2,2011.6,72718.5,2
传统体育、游艺与杂技,73102,2016,73634.1,3
传统体育、游艺与杂技,73056.6,2011.2,72458.8,1
曲艺,72900.4,2013.9,73556.8,4
民间文学,72795,2016,72282.5,4
传统体育、游艺与杂技,72765.1,2016.1,73102,4
曲艺,72718.5,2011.5,72155.8,2
传统体育、游艺与杂技,72537,2000,72537,1
传统体育、游艺与杂技,72458.8,2011.1,71861,1
传统体育、游艺与杂技,72428.2,2016.2,72765.1,4
民间文学,72282.5,2015.9,71770,4
民俗,72260.4,2011.9,67952.8,3
曲艺,72244,2014,72900.4,4
传统体育、游艺与杂技,72177.8,2000.1,72537,1
曲艺,72155.8,2011.4,71593.1,2
传统体育、游艺与杂技,72091.3,2016.3,72428.2,4
传统舞蹈,72082.5,2012.1,69726,4
传统戏剧,71989.6,2017.2,68392.8,4
传统体育、游艺与杂技,71861,2011,71720.1,1
传统体育、游艺与杂技,71818.6,2000.2,72177.8,1
民间文学,71770,2015.8,71257.5,4
传统体育、游艺与杂技,71754.4,2016.4,72091.3,4
传统体育、游艺与杂技,71720.1,2010.9,71579.2,1
曲艺,71593.1,2011.3,71030.4,2
传统体育、游艺与杂技,71579.2,2010.8,71438.3,1
曲艺,71529.1,2014.1,72244,4
传统体育、游艺与杂技,71459.4,2000.3,71818.6,1
传统体育、游艺与杂技,71438.3,2010.7,71297.4,1
传统体育、游艺与杂技,71417.5,2016.5,71754.4,4
传统体育、游艺与杂技,71297.4,2010.6,71156.5,1
民间文学,71257.5,2015.7,70745,4
传统体育、游艺与杂技,71156.5,2010.5,71015.6,1
传统体育、游艺与杂技,71100.2,2000.4,71459.4,1
传统体育、游艺与杂技,71080.6,2016.6,71417.5,4
曲艺,71030.4,2011.2,70467.7,2
传统体育、游艺与杂技,71015.6,2010.4,70874.7,1
传统体育、游艺与杂技,70874.7,2010.3,70733.8,1
曲艺,70814.2,2014.2,71529.1,4
民间文学,70745,2015.6,70232.5,4
传统体育、游艺与杂技,70743.7,2016.7,71080.6,4
传统体育、游艺与杂技,70741,2000.5,71100.2,1
传统体育、游艺与杂技,70733.8,2010.2,70592.9,1
传统体育、游艺与杂技,70592.9,2010.1,70452,1
曲艺,70467.7,2011.1,69905,2
传统体育、游艺与杂技,70453,2003,70371.4,1
传统体育、游艺与杂技,70452,2010,70280.2,1
传统体育、游艺与杂技,70406.8,2016.8,70743.7,4
传统体育、游艺与杂技,70381.8,2000.6,70741,1
传统体育、游艺与杂技,70371.4,2002.9,70289.8,1
传统体育、游艺与杂技,70289.8,2002.8,70208.2,1
传统体育、游艺与杂技,70280.2,2009.9,70108.4,1
民间文学,70232.5,2015.5,69720,4
传统体育、游艺与杂技,70208.2,2002.7,70126.6,1
民间文学,70196,2000,70196,2
传统体育、游艺与杂技,70147.1,2003.1,70453,1
传统体育、游艺与杂技,70126.6,2002.6,70045,1
传统体育、游艺与杂技,70108.4,2009.8,69936.6,1
曲艺,70099.3,2014.3,70814.2,4
传统体育、游艺与杂技,70069.9,2016.9,70406.8,4
传统体育、游艺与杂技,70045,2002.5,69963.4,1
传统体育、游艺与杂技,70022.6,2000.7,70381.8,1
传统体育、游艺与杂技,69963.4,2002.4,69881.8,1
传统体育、游艺与杂技,69936.6,2009.7,69764.8,1
曲艺,69905,2011,69387.2,2
传统体育、游艺与杂技,69881.8,2002.3,69800.2,1
传统体育、游艺与杂技,69841.2,2003.2,70147.1,1
传统体育、游艺与杂技,69800.2,2002.2,69718.6,1
传统体育、游艺与杂技,69764.8,2009.6,69593,1
传统体育、游艺与杂技,69733,2017,70069.9,4
传统舞蹈,69726,2012,68285.1,4
民间文学,69720,2015.4,69207.5,4
传统体育、游艺与杂技,69718.6,2002.1,69637,1
民间文学,69683.2,2000.1,70196,2
传统体育、游艺与杂技,69663.4,2000.8,70022.6,1
传统体育、游艺与杂技,69637,2002,69567.8,1
传统体育、游艺与杂技,69593,2009.5,69421.2,1
传统体育、游艺与杂技,69567.8,2001.9,69498.6,1
传统体育、游艺与杂技,69535.3,2003.3,69841.2,1
传统体育、游艺与杂技,69498.6,2001.8,69429.4,1
传统体育、游艺与杂技,69429.4,2001.7,69360.2,1
传统体育、游艺与杂技,69421.2,2009.4,69249.4,1
传统体育、游艺与杂技,69393.8,2017.1,69733,4
曲艺,69387.2,2010.9,68869.4,2
曲艺,69384.4,2014.4,70099.3,4
传统体育、游艺与杂技,69360.2,2001.6,69291,1
传统体育、游艺与杂技,69304.2,2000.9,69663.4,1
传统体育、游艺与杂技,69291,2001.5,69221.8,1
传统体育、游艺与杂技,69249.4,2009.3,69077.6,1
传统体育、游艺与杂技,69229.4,2003.4,69535.3,1
传统体育、游艺与杂技,69221.8,2001.4,69152.6,1
民间文学,69207.5,2015.3,68695,4
民间文学,69170.4,2000.2,69683.2,2
传统体育、游艺与杂技,69152.6,2001.3,69083.4,1
传统体育、游艺与杂技,69083.4,2001.2,69014.2,1
传统体育、游艺与杂技,69077.6,2009.2,68905.8,1
传统体育、游艺与杂技,69054.6,2017.2,69393.8,5
传统体育、游艺与杂技,69014.2,2001.1,68945,1
传统体育、游艺与杂技,68945,2001,69304.2,1
传统体育、游艺与杂技,68923.5,2003.5,69229.4,1
传统体育、游艺与杂技,68905.8,2009.1,68734,1
曲艺,68869.4,2010.8,68351.6,2
传统体育、游艺与杂技,68734,2009,68527.3,1
传统体育、游艺与杂技,68715.4,2017.3,69054.6,5
民间文学,68695,2015.2,68182.5,4
曲艺,68669.5,2014.5,69384.4,4
民间文学,68657.6,2000.3,69170.4,2
传统体育、游艺与杂技,68617.6,2003.6,68923.5,1
传统体育、游艺与杂技,68527.3,2008.9,68320.6,1
传统戏剧,68392.8,2017.1,64796,5
传统体育、游艺与杂技,68376.2,2017.4,68715.4,5
曲艺,68351.6,2010.7,67833.8,2
传统体育、游艺与杂技,68320.6,2008.8,68113.9,1
传统体育、游艺与杂技,68311.7,2003.7,68617.6,1
传统舞蹈,68285.1,2011.9,66844.2,4
民间文学,68182.5,2015.1,67670,4
民间文学,68144.8,2000.4,68657.6,2
传统体育、游艺与杂技,68113.9,2008.7,67907.2,1
传统体育、游艺与杂技,68037,2017.5,68376.2,5
传统体育、游艺与杂技,68005.8,2003.8,68311.7,1
曲艺,67954.6,2014.6,68669.5,4
民俗,67952.8,2011.8,63645.2,3
传统体育、游艺与杂技,67907.2,2008.6,67700.5,1
曲艺,67833.8,2010.6,67316,2
传统体育、游艺与杂技,67700.5,2008.5,67493.8,1
传统体育、游艺与杂技,67699.9,2003.9,68005.8,1
传统体育、游艺与杂技,67697.8,2017.6,68037,5
民间文学,67670,2015,67018.4,4
民间文学,67632,2000.5,68144.8,2
传统体育、游艺与杂技,67525,2005,67511.9,1
传统体育、游艺与杂技,67511.9,2004.9,67498.8,1
传统体育、游艺与杂技,67498.8,2004.8,67485.7,1
传统体育、游艺与杂技,67493.8,2008.4,67287.1,1
传统体育、游艺与杂技,67485.7,2004.7,67472.6,1
传统体育、游艺与杂技,67472.6,2004.6,67459.5,1
传统体育、游艺与杂技,67472.5,2005.1,67525,1
传统体育、游艺与杂技,67459.5,2004.5,67446.4,1
传统体育、游艺与杂技,67446.4,2004.4,67433.3,1
传统体育、游艺与杂技,67433.3,2004.3,67420.2,1
传统体育、游艺与杂技,67420.2,2004.2,67407.1,1
传统体育、游艺与杂技,67420,2005.2,67472.5,1
传统体育、游艺与杂技,67407.1,2004.1,67394,1
传统体育、游艺与杂技,67394,2004,67699.9,1
传统体育、游艺与杂技,67367.5,2005.3,67420,1
传统体育、游艺与杂技,67358.6,2017.7,67697.8,5
曲艺,67316,2010.5,66798.2,2
传统体育、游艺与杂技,67315,2005.4,67367.5,1
传统体育、游艺与杂技,67287.1,2008.3,67080.4,1
传统体育、游艺与杂技,67262.5,2005.5,67315,1
曲艺,67239.7,2014.7,67954.6,4
传统体育、游艺与杂技,67210,2005.6,67262.5,1
传统体育、游艺与杂技,67157.5,2005.7,67210,1
民间文学,67119.2,2000.6,67632,2
传统体育、游艺与杂技,67105,2005.8,67157.5,1
传统体育、游艺与杂技,67080.4,2008.2,66873.7,1
传统体育、游艺与杂技,67052.5,2005.9,67105,1
传统体育、游艺与杂技,67019.4,2017.8,67358.6,5
民间文学,67018.4,2014.9,66366.8,4
传统体育、游艺与杂技,67000,2006,67052.5,1
传统体育、游艺与杂技,66873.7,2008.1,66667,1
传统舞蹈,66844.2,2011.8,65403.3,4
传统体育、游艺与杂技,66832.4,2006.1,67000,1
曲艺,66798.2,2010.4,66280.4,2
传统体育、游艺与杂技,66680.2,2017.9,67019.4,5
传统体育、游艺与杂技,66667,2008,66532.7,1
传统体育、游艺与杂技,66664.8,2006.2,66832.4,1
民间文学,66606.4,2000.7,67119.2,2
传统体育、游艺与杂技,66532.7,2007.9,66398.4,1
曲艺,66524.8,2014.8,67239.7,4
传统体育、游艺与杂技,66497.2,2006.3,66664.8,1
传统体育、游艺与杂技,66398.4,2007.8,66264.1,1
民间文学,66366.8,2014.8,65715.2,5
传统体育、游艺与杂技,66341,2018,66680.2,5
传统体育、游艺与杂技,66329.6,2006.4,66497.2,1
曲艺,66280.4,2010.3,65762.6,2
传统体育、游艺与杂技,66264.1,2007.7,66129.8,1
传统体育、游艺与杂技,66162,2006.5,66329.6,1
传统体育、游艺与杂技,66129.8,2007.6,65995.5,1
民间文学,66093.6,2000.8,66606.4,2
传统体育、游艺与杂技,65995.5,2007.5,65861.2,1
传统体育、游艺与杂技,65994.4,2006.6,66162,1
传统体育、游艺与杂技,65861.2,2007.4,65726.9,1
传统体育、游艺与杂技,65826.8,2006.7,65994.4,1
曲艺,65809.9,2014.9,66524.8,5
曲艺,65762.6,2010.2,65244.8,2
传统体育、游艺与杂技,65726.9,2007.3,65592.6,1
民间文学,65715.2,2014.7,65063.6,5
传统体育、游艺与杂技,65659.2,2006.8,65826.8,1
传统体育、游艺与杂技,65592.6,2007.2,65458.3,1
民间文学,65580.8,2000.9,66093.6,2
传统体育、游艺与杂技,65491.6,2006.9,65659.2,1
传统体育、游艺与杂技,65458.3,2007.1,65324,1
传统舞蹈,65403.3,2011.7,63962.4,3
传统体育、游艺与杂技,65324,2007,65491.6,1
曲艺,65244.8,2010.1,64727,2
民间文学,65174,2003,65065.7,2
曲艺,65095,2015,65809.9,5
民间文学,65068,2001,65580.8,2
民间文学,65065.7,2002.9,64957.4,2
民间文学,65063.6,2014.6,64412,5
民间文学,64970.3,2001.1,65068,2
民间文学,64957.4,2002.8,64849.1,2
民间文学,64872.6,2001.2,64970.3,2
民间文学,64849.1,2002.7,64740.8,2
传统戏剧,64796,2017,63350.2,5
民间文学,64793.8,2003.1,65174,2
民间文学,64774.9,2001.3,64872.6,2
民间文学,64740.8,2002.6,64632.5,2
曲艺,64727,2010,64275.4,2
民间文学,64677.2,2001.4,64774.9,2
民间文学,64632.5,2002.5,64524.2,2
民间文学,64579.5,2001.5,64677.2,2
民间文学,64524.2,2002.4,64415.9,2
民间文学,64481.8,2001.6,64579.5,2
民间文学,64415.9,2002.3,64307.6,2
民间文学,64413.6,2003.2,64793.8,2
民间文学,64412,2014.5,63760.4,5
民间文学,64384.1,2001.7,64481.8,2
民间文学,64307.6,2002.2,64199.3,2
民间文学,64286.4,2001.8,64384.1,2
曲艺,64275.4,2009.9,63823.8,2
民间文学,64199.3,2002.1,64091,2
民间文学,64188.7,2001.9,64286.4,2
民间文学,64091,2002,64188.7,2
民间文学,64033.4,2003.3,64413.6,2
传统舞蹈,63962.4,2011.6,62521.5,3
曲艺,63835.5,2015.1,65095,5
曲艺,63823.8,2009.8,63372.2,2
民间文学,63760.4,2014.4,63108.8,5
民间文学,63653.2,2003.4,64033.4,2
民俗,63645.2,2011.7,59337.6,4
曲艺,63372.2,2009.7,62920.6,2
传统戏剧,63350.2,2016.9,61904.4,5
民间文学,63273,2003.5,63653.2,2
民间文学,63108.8,2014.3,62457.2,5
曲艺,62920.6,2009.6,62469,2
民间文学,62892.8,2003.6,63273,2
曲艺,62576,2015.2,63835.5,5
传统舞蹈,62521.5,2011.5,61080.6,3
民间文学,62512.6,2003.7,62892.8,2
曲艺,62469,2009.5,62017.4,2
民间文学,62457.2,2014.2,61805.6,5
民间文学,62132.4,2003.8,62512.6,2
曲艺,62017.4,2009.4,61565.8,2
传统戏剧,61904.4,2016.8,60458.6,5
民间文学,61805.6,2014.1,61154,5
民间文学,61752.2,2003.9,62132.4,2
曲艺,61565.8,2009.3,61114.2,2
民间文学,61372,2004,61752.2,2
曲艺,61316.5,2015.3,62576,5
民间文学,61228.9,2004.1,61372,2
民间文学,61154,2014,60993.2,5
曲艺,61114.2,2009.2,60662.6,2
民间文学,61085.8,2004.2,61228.9,2
传统舞蹈,61080.6,2011.4,59639.7,3
民间文学,60993.2,2013.9,60832.4,5
民间文学,60942.7,2004.3,61085.8,2
民间文学,60895,2010,60470.2,3
民间文学,60832.4,2013.8,60671.6,5
民间文学,60799.6,2004.4,60942.7,2
民间文学,60714.2,2010.1,60895,3
民间文学,60671.6,2013.7,60510.8,5
曲艺,60662.6,2009.1,60211,2
民间文学,60656.5,2004.5,60799.6,2
民间文学,60533.4,2010.2,60714.2,3
民间文学,60513.4,2004.6,60656.5,2
民间文学,60510.8,2013.6,60350,5
民间文学,60470.2,2009.9,60045.4,3
传统戏剧,60458.6,2016.7,59012.8,5
民间文学,60370.3,2004.7,60513.4,2
民间文学,60352.6,2010.3,60533.4,3
民间文学,60350,2013.5,60189.2,5
民间文学,60227.2,2004.8,60370.3,2
曲艺,60211,2009,60093,2
民间文学,60189.2,2013.4,60028.4,5
民间文学,60171.8,2010.4,60352.6,3
曲艺,60093,2008.9,59975,2
民间文学,60084.1,2004.9,60227.2,2
曲艺,60057,2015.4,61316.5,5
民间文学,60045.4,2009.8,59620.6,3
民间文学,60028.4,2013.3,59867.6,5
民间文学,59991,2010.5,60171.8,3
曲艺,59975,2008.8,59857,2
民间文学,59941,2005,60084.1,2
,,,,
民间文学,59867.6,2013.2,59706.8,5
曲艺,59857,2008.7,59739,2
民间文学,59810.2,2010.6,59991,3
曲艺,59739,2008.6,59621,2
民间文学,59706.8,2013.1,59546,5
传统舞蹈,59639.7,2011.3,58198.8,3
民间文学,59639.5,2005.1,59941,2
民间文学,59629.4,2010.7,59810.2,3
曲艺,59621,2008.5,59503,2
民间文学,59620.6,2009.7,59195.8,3
民间文学,59546,2013,59376.7,5
,,,,
曲艺,59503,2008.4,59385,2
民间文学,59448.6,2010.8,59629.4,3
曲艺,59385,2008.3,59267,2
民间文学,59376.7,2012.9,59207.4,5
民间文学,59338,2005.2,59639.5,2
民俗,59337.6,2011.6,55030,4
民间文学,59267.8,2010.9,59448.6,3
曲艺,59267,2008.2,59149,2
民间文学,59207.4,2012.8,59038.1,5
民间文学,59195.8,2009.6,58771,3
,,,,
曲艺,59149,2008.1,59031,2
民间文学,59087,2011,59267.8,3
民间文学,59038.1,2012.7,58868.8,5
民间文学,59036.5,2005.3,59338,2
曲艺,59031,2008,58836.9,2
传统戏剧,59012.8,2016.6,57567,5
民间文学,59007,2008,58977.2,3
民间文学,58977.2,2007.9,58947.4,2
民间文学,58963.6,2011.1,59087,3
民间文学,58947.4,2007.8,58917.6,2
民间文学,58917.6,2007.7,58887.8,2
民间文学,58887.8,2007.6,58858,2
民间文学,58868.8,2012.6,58699.5,5
民间文学,58858,2007.5,58828.2,2
民间文学,58840.2,2011.2,58963.6,3
曲艺,58836.9,2007.9,58642.8,3
民间文学,58828.2,2007.4,58798.4,2
民间文学,58798.4,2007.3,58768.6,2
,,,,
曲艺,58797.5,2015.5,60057,5
民间文学,58771,2008.1,59007,3
民间文学,58771,2009.5,58346.2,3
民间文学,58768.6,2007.2,58738.8,2
民间文学,58738.8,2007.1,58709,2
民间文学,58735,2005.4,59036.5,2
民间文学,58716.8,2011.3,58840.2,4
民间文学,58709,2007,58530.7,2
民间文学,58699.5,2012.5,58530.2,5
曲艺,58642.8,2007.8,58448.7,3
民间文学,58593.4,2011.4,58716.8,4
民间文学,58535,2008.2,58771,3
民间文学,58530.7,2006.9,58352.4,2
民间文学,58530.2,2012.4,58360.9,5
民间文学,58470,2011.5,58593.4,4
曲艺,58448.7,2007.7,58254.6,3
,,,,
民间文学,58433.5,2005.5,58735,2
民间文学,58360.9,2012.3,58191.6,5
民间文学,58352.4,2006.8,58174.1,2
民间文学,58346.6,2011.6,58470,5
民间文学,58346.2,2009.4,57921.4,3
民间文学,58299,2008.3,58535,3
曲艺,58254.6,2007.6,58060.5,3
民间文学,58223.2,2011.7,58346.6,5
传统舞蹈,58198.8,2011.2,56757.9,4
民间文学,58191.6,2012.2,58022.3,5
民间文学,58174.1,2006.7,57995.8,2
民间文学,58132,2005.6,58433.5,2
民间文学,58099.8,2011.8,58223.2,5
,,,,
民间文学,58063,2008.4,58299,3
曲艺,58060.5,2007.5,57866.4,3
民间文学,58022.3,2012.1,57853,5
民间文学,57995.8,2006.6,57817.5,2
民间文学,57976.4,2011.9,58099.8,5
民间文学,57921.4,2009.3,57496.6,3
曲艺,57866.4,2007.4,57672.3,3
民间文学,57853,2012,57976.4,5
民间文学,57830.5,2005.7,58132,2
民间文学,57827,2008.5,58063,3
民间文学,57817.5,2006.5,57639.2,2
,,,,
曲艺,57672.3,2007.3,57478.2,3
民间文学,57639.2,2006.4,57460.9,2
民间文学,57591,2008.6,57827,3
传统戏剧,57567,2016.5,56121.2,5
曲艺,57538,2015.6,58797.5,5
民间文学,57529,2005.8,57830.5,2
民间文学,57496.6,2009.2,57071.8,3
曲艺,57478.2,2007.2,57284.1,3
民间文学,57460.9,2006.3,57282.6,2
民间文学,57355,2008.7,57591,3
,,,,
曲艺,57284.1,2007.1,57090,3
民间文学,57282.6,2006.2,57104.3,2
民间文学,57227.5,2005.9,57529,2
民间文学,57119,2008.8,57355,3
民间文学,57104.3,2006.1,56926,2
曲艺,57090,2007,57001.1,3
民间文学,57071.8,2009.1,56647,3
曲艺,57001.1,2006.9,56912.2,3
,,,,
民间文学,56926,2006,57227.5,2
曲艺,56912.2,2006.8,56823.3,3
民间文学,56883,2008.9,57119,3
曲艺,56823.3,2006.7,56734.4,3
传统舞蹈,56757.9,2011.1,55317,4
曲艺,56734.4,2006.6,56645.5,3
民间文学,56647,2009,56883,3
曲艺,56645.5,2006.5,56556.6,3
,,,,
曲艺,56556.6,2006.4,56467.7,3
曲艺,56467.7,2006.3,56378.8,3
曲艺,56378.8,2006.2,56289.9,3
曲艺,56289.9,2006.1,56201,3
曲艺,56278.5,2015.7,57538,5
,,,,
曲艺,56201,2006,55918.5,3
传统戏剧,56121.2,2016.4,54675.4,5
曲艺,55918.5,2005.9,55636,3
,,,,
曲艺,55636,2005.8,55353.5,3
,,,,
曲艺,55353.5,2005.7,55071,3
传统舞蹈,55317,2011,54141,4
曲艺,55071,2005.6,54788.5,3
民俗,55030,2011.5,50722.4,5
曲艺,55019,2015.8,56278.5,5
,,,,
曲艺,54788.5,2005.5,54506,3
传统戏剧,54675.4,2016.3,53229.6,5
曲艺,54506,2005.4,54223.5,3
,,,,
曲艺,54223.5,2005.3,53941,3
传统舞蹈,54141,2010.9,52965,4
,,,,
曲艺,53941,2005.2,53658.5,3
曲艺,53791,2004,53588.6,3
曲艺,53759.5,2015.9,55019,5
曲艺,53749.5,2004.1,53791,3
曲艺,53708,2004.2,53749.5,3
曲艺,53666.5,2004.3,53708,3
曲艺,53658.5,2005.1,53376,3
曲艺,53625,2004.4,53666.5,3
曲艺,53588.6,2003.9,53386.2,3
,,,,
曲艺,53583.5,2004.5,53625,3
传统美术,53580,2016,53126.8,5
曲艺,53542,2004.6,53583.5,3
曲艺,53500.5,2004.7,53542,3
曲艺,53459,2004.8,53500.5,3
曲艺,53417.5,2004.9,53459,3
传统美术,53404,2018,53092.7,7
曲艺,53386.2,2003.8,53183.8,3
曲艺,53376,2005,53417.5,3
传统美术,53251.1,2016.1,53580,5
传统戏剧,53229.6,2016.2,51783.8,5
曲艺,53183.8,2003.7,52981.4,3
曲艺,53183,2000,53183,3
,,,,
曲艺,53139.9,2000.1,53183,3
传统美术,53126.8,2015.9,52673.6,6
曲艺,53096.8,2000.2,53139.9,3
传统美术,53092.7,2017.9,52781.4,7
传统技艺,53086,2008,52934.3,4
曲艺,53053.7,2000.3,53096.8,3
曲艺,53010.6,2000.4,53053.7,3
曲艺,52981.4,2003.6,52779,3
曲艺,52967.5,2000.5,53010.6,3
传统舞蹈,52965,2010.8,51789,4
传统技艺,52934.3,2007.9,52782.6,4
曲艺,52924.4,2000.6,52967.5,3
传统美术,52922.2,2016.2,53251.1,6
曲艺,52881.3,2000.7,52924.4,3
曲艺,52838.2,2000.8,52881.3,3
曲艺,52795.1,2000.9,52838.2,3
传统技艺,52782.6,2007.8,52630.9,4
传统美术,52781.4,2017.8,52470.1,7
曲艺,52779,2003.5,52576.6,3
曲艺,52752,2001,52795.1,3
,,,,
传统美术,52673.6,2015.8,52220.4,6
传统技艺,52630.9,2007.7,52479.2,4
曲艺,52595.6,2001.1,52752,3
传统美术,52593.3,2016.3,52922.2,7
曲艺,52576.6,2003.4,52374.2,3
传统技艺,52555.1,2008.1,53086,4
曲艺,52500,2016,53759.5,6
传统技艺,52479.2,2007.6,52327.5,4
传统美术,52470.1,2017.7,52158.8,7
曲艺,52439.2,2001.2,52595.6,3
曲艺,52374.2,2003.3,52171.8,3
传统技艺,52327.5,2007.5,52175.8,4
曲艺,52282.8,2001.3,52439.2,3
传统美术,52264.4,2016.4,52593.3,7
,,,,
传统美术,52220.4,2015.7,51767.2,6
传统技艺,52175.8,2007.4,52024.1,4
曲艺,52171.8,2003.2,51969.4,3
传统美术,52158.8,2017.6,51847.5,7
曲艺,52126.4,2001.4,52282.8,3
传统技艺,52024.2,2008.2,52555.1,4
传统技艺,52024.1,2007.3,51872.4,4
曲艺,51970,2001.5,52126.4,3
曲艺,51969.4,2003.1,51767,3
传统美术,51935.5,2016.5,52264.4,7
曲艺,51932.9,2016.1,52500,7
传统技艺,51872.4,2007.2,51720.7,4
传统美术,51847.5,2017.5,51536.2,7
曲艺,51813.6,2001.6,51970,3
,,,,
传统舞蹈,51789,2010.7,50613,4
传统戏剧,51783.8,2016.1,50338,8
传统美术,51767.2,2015.6,51314,6
曲艺,51767,2003,51709.1,3
传统技艺,51720.7,2007.1,51569,4
曲艺,51709.1,2002.9,51651.2,3
曲艺,51657.2,2001.7,51813.6,3
曲艺,51651.2,2002.8,51593.3,3
传统美术,51606.6,2016.6,51935.5,7
曲艺,51593.3,2002.7,51535.4,3
传统技艺,51569,2007,51302.8,4
传统美术,51536.2,2017.4,51224.9,7
曲艺,51535.4,2002.6,51477.5,3
曲艺,51500.8,2001.8,51657.2,3
传统技艺,51493.3,2008.3,52024.2,4
曲艺,51477.5,2002.5,51419.6,3
曲艺,51419.6,2002.4,51361.7,3
曲艺,51365.8,2016.2,51932.9,8
曲艺,51361.7,2002.3,51303.8,3
曲艺,51344.4,2001.9,51500.8,3
传统美术,51314,2015.5,50860.8,6
曲艺,51303.8,2002.2,51245.9,3
传统技艺,51302.8,2006.9,51036.6,4
传统美术,51277.7,2016.7,51606.6,7
曲艺,51245.9,2002.1,51188,3
传统美术,51224.9,2017.3,50913.6,7
曲艺,51188,2002,51344.4,3
,,,,
传统技艺,51036.6,2006.8,50770.4,4
传统技艺,50962.4,2008.4,51493.3,4
传统美术,50948.8,2016.8,51277.7,7
传统美术,50913.6,2017.2,50602.3,7
传统美术,50860.8,2015.4,50407.6,6
曲艺,50798.7,2016.3,51365.8,8
传统技艺,50770.4,2006.7,50504.2,4
民俗,50722.4,2011.4,46414.8,5
传统美术,50619.9,2016.9,50948.8,7
传统舞蹈,50613,2010.6,49437,4
传统美术,50602.3,2017.1,50291,7
,,,,
传统技艺,50504.2,2006.6,50238,4
传统技艺,50431.5,2008.5,50962.4,4
传统美术,50407.6,2015.3,49954.4,6
传统戏剧,50338,2016,49099,8
传统美术,50291,2017,50619.9,7
传统技艺,50238,2006.5,49971.8,4
曲艺,50231.6,2016.4,50798.7,8
传统技艺,49971.8,2006.4,49705.6,4
传统美术,49954.4,2015.2,49501.2,6
传统技艺,49900.6,2008.6,50431.5,4
,,,,
传统技艺,49705.6,2006.3,49439.4,4
曲艺,49664.5,2016.5,50231.6,8
传统美术,49501.2,2015.1,49048,6
传统技艺,49439.4,2006.2,49173.2,4
传统舞蹈,49437,2010.5,48261,4
传统技艺,49369.7,2008.7,49900.6,4
,,,,
传统技艺,49173.2,2006.1,48907,4
传统戏剧,49099,2015.9,47860,8
曲艺,49097.4,2016.6,49664.5,8
传统美术,49048,2015,48382.4,6
传统技艺,48907,2006,48715.9,4
传统技艺,48838.8,2008.8,49369.7,4
传统技艺,48715.9,2005.9,48524.8,4
,,,,
,,,,
曲艺,48530.3,2016.7,49097.4,8
传统技艺,48524.8,2005.8,48333.7,4
,,,,
,,,,
传统美术,48382.4,2014.9,47716.8,6
,,,,
传统技艺,48333.7,2005.7,48142.6,4
传统技艺,48307.9,2008.9,48838.8,4
,,,,
传统舞蹈,48261,2010.4,47085,4
,,,,
,,,,
传统技艺,48142.6,2005.6,47951.5,4
,,,,
,,,,
,,,,
曲艺,47963.2,2016.8,48530.3,8
传统技艺,47951.5,2005.5,47760.4,4
,,,,
,,,,
,,,,
传统戏剧,47860,2015.8,46621,8
,,,,
传统技艺,47777,2009,48307.9,4
传统技艺,47760.4,2005.4,47569.3,4
传统美术,47716.8,2014.8,47051.2,6
,,,,
传统技艺,47569.3,2005.3,47378.2,4
曲艺,47396.1,2016.9,47963.2,8
,,,,
传统技艺,47378.2,2005.2,47187.1,4
,,,,
传统技艺,47280.1,2009.1,47777,4
,,,,
传统技艺,47187.1,2005.1,46996,4
传统舞蹈,47085,2010.3,45909,4
传统美术,47051.2,2014.7,46385.6,6
传统技艺,46996,2005,46707.5,4
,,,,
,,,,
传统技艺,46947,2013,46620.5,6
曲艺,46829,2017,47396.1,10
传统技艺,46800.3,2013.1,46947,6
传统技艺,46783.2,2009.2,47280.1,4
传统技艺,46707.5,2004.9,46419,4
,,,,
传统技艺,46653.6,2013.2,46800.3,6
,,,,
传统戏剧,46621,2015.7,45382,8
传统技艺,46620.5,2012.9,46294,6
,,,,
,,,,
传统技艺,46506.9,2013.3,46653.6,6
曲艺,46443.3,2017.1,46829,10
传统技艺,46419,2004.8,46130.5,4
民俗,46414.8,2011.3,42107.2,5
传统美术,46385.6,2014.6,45720,6
,,,,
传统技艺,46360.2,2013.4,46506.9,6
传统技艺,46294,2012.8,45967.5,6
传统技艺,46286.3,2009.3,46783.2,4
传统技艺,46213.5,2013.5,46360.2,6
传统技艺,46130.5,2004.7,45842,4
,,,,
,,,,
传统技艺,46066.8,2013.6,46213.5,6
曲艺,46057.6,2017.2,46443.3,10
传统技艺,45967.5,2012.7,45641,6
,,,,
传统技艺,45920.1,2013.7,46066.8,6
传统舞蹈,45909,2010.2,44733,4
传统技艺,45842,2004.6,45553.5,4
传统技艺,45789.4,2009.4,46286.3,4
传统技艺,45773.4,2013.8,45920.1,6
,,,,
传统美术,45720,2014.5,45054.4,6
曲艺,45671.9,2017.3,46057.6,10
,,,,
传统技艺,45641,2012.6,45314.5,6
传统技艺,45626.7,2013.9,45773.4,6
传统技艺,45553.5,2004.5,45265,4
传统技艺,45480,2014,45626.7,6
,,,,
,,,,
,,,,
,,,,
,,,,
,,,,
传统戏剧,45382,2015.6,44143,8
,,,,
,,,,
,,,,
,,,,
传统技艺,45314.5,2012.5,44988,6
,,,,
,,,,
传统技艺,45292.5,2009.5,45789.4,4
曲艺,45286.2,2017.4,45671.9,10
传统技艺,45265,2004.4,44976.5,4
,,,,
,,,,
传统技艺,45158.7,2014.1,45480,7
,,,,
传统美术,45054.4,2014.4,44388.8,7
传统技艺,44988,2012.4,44661.5,6
传统技艺,44976.5,2004.3,44688,4
曲艺,44900.5,2017.5,45286.2,10
,,,,
传统技艺,44837.4,2014.2,45158.7,7
传统技艺,44795.6,2009.6,45292.5,4
,,,,
传统舞蹈,44733,2010.1,43557,4
传统技艺,44688,2004.2,44399.5,4
传统技艺,44661.5,2012.3,44335,6
传统技艺,44516.1,2014.3,44837.4,7
曲艺,44514.8,2017.6,44900.5,10
传统技艺,44399.5,2004.1,44111,4
传统美术,44388.8,2014.3,43723.2,8
,,,,
传统技艺,44335,2012.2,44008.5,6
传统技艺,44298.7,2009.7,44795.6,4
,,,,
传统技艺,44208,2017,44100.2,11
传统技艺,44194.8,2014.4,44516.1,8
传统戏剧,44143,2015.5,42904,8
曲艺,44129.1,2017.7,44514.8,10
传统技艺,44111,2004,43933.9,4
传统技艺,44100.2,2016.9,43992.4,11
传统技艺,44008.5,2012.1,43682,6
传统技艺,43992.4,2016.8,43884.6,11
传统技艺,43933.9,2003.9,43756.8,4
,,,,
传统技艺,43884.6,2016.7,43776.8,10
传统技艺,43873.5,2014.5,44194.8,8
传统技艺,43801.8,2009.8,44298.7,4
传统技艺,43776.8,2016.6,43669,10
传统技艺,43756.8,2003.8,43579.7,4
曲艺,43743.4,2017.8,44129.1,10
传统美术,43723.2,2014.2,43057.6,8
,,,,
传统技艺,43682,2012,43594.6,6
传统技艺,43669,2016.5,43561.2,10
传统技艺,43594.6,2011.9,43507.2,6
传统技艺,43579.7,2003.7,43402.6,4
传统技艺,43561.2,2016.4,43453.4,10
传统舞蹈,43557,2010,42399.3,4
传统技艺,43552.2,2014.6,43873.5,8
,,,,
传统技艺,43507.2,2011.8,43419.8,6
,,,,
传统技艺,43453.4,2016.3,43345.6,10
传统技艺,43419.8,2011.7,43332.4,6
,,,,
传统技艺,43402.6,2003.6,43225.5,4
曲艺,43357.7,2017.9,43743.4,10
传统技艺,43345.6,2016.2,43237.8,10
传统技艺,43332.4,2011.6,43245,6
传统技艺,43304.9,2009.9,43801.8,4
传统音乐,43293,2018,42909.6,11
传统技艺,43245,2011.5,43157.6,6
传统技艺,43237.8,2016.1,43130,10
传统技艺,43230.9,2014.7,43552.2,8
,,,,
传统技艺,43225.5,2003.5,43048.4,4
传统技艺,43157.6,2011.4,43070.2,6
传统技艺,43130,2016,43043.7,10
,,,,
传统技艺,43070.2,2011.3,42982.8,6
传统技艺,43062.9,2017.1,44208,11
传统美术,43057.6,2014.1,42392,8
传统技艺,43048.4,2003.4,42871.3,4
传统技艺,43043.7,2015.9,42957.4,9
,,,,
传统技艺,42982.8,2011.2,42895.4,5
曲艺,42972,2018,43357.7,12
传统技艺,42957.4,2015.8,42871.1,9
传统音乐,42909.6,2017.9,42526.2,12
传统技艺,42909.6,2014.8,43230.9,8
传统戏剧,42904,2015.4,41665,8
传统技艺,42895.4,2011.1,42808,5
传统技艺,42871.3,2003.3,42694.2,4
传统技艺,42871.1,2015.7,42784.8,9
,,,,
,,,,
传统技艺,42808,2010,43304.9,5
传统技艺,42808,2010.1,42808,5
传统技艺,42808,2010.2,42808,5
传统技艺,42808,2010.3,42808,5
传统技艺,42808,2010.4,42808,5
传统技艺,42808,2010.5,42808,5
传统技艺,42808,2010.6,42808,5
传统技艺,42808,2010.7,42808,5
传统技艺,42808,2010.8,42808,5
传统技艺,42808,2010.9,42808,5
传统技艺,42808,2011,42808,5
传统技艺,42784.8,2015.6,42698.5,9
传统技艺,42698.5,2015.5,42612.2,9
传统技艺,42694.2,2003.2,42517.1,4
,,,,
传统技艺,42612.2,2015.4,42525.9,9
传统技艺,42588.3,2014.9,42909.6,8
,,,,
传统音乐,42526.2,2017.8,42142.8,12
传统技艺,42525.9,2015.3,42439.6,8
传统技艺,42517.1,2003.1,42340,4
,,,,
传统技艺,42439.6,2015.2,42353.3,8
传统舞蹈,42399.3,2009.9,41241.6,5
传统技艺,42396,2001,41969.1,4
传统美术,42392,2014,41687.4,8
传统技艺,42353.3,2015.1,42267,8
传统技艺,42340,2003,42237.1,4
传统技艺,42287.5,2001.1,42396,4
,,,,
传统技艺,42267,2015,42588.3,8
,,,,
传统技艺,42237.1,2002.9,42134.2,4
,,,,
,,,,
传统技艺,42179,2001.2,42287.5,4
,,,,
,,,,
传统音乐,42142.8,2017.7,41759.4,12
传统技艺,42134.2,2002.8,42031.3,4
,,,,
,,,,
民俗,42107.2,2011.2,37799.6,6
,,,,
,,,,
,,,,
传统技艺,42070.5,2001.3,42179,4
,,,,
传统技艺,42031.3,2002.7,41928.4,4
,,,,
,,,,
,,,,
传统技艺,41969.1,2000.9,41542.2,4
传统技艺,41962,2001.4,42070.5,4
,,,,
,,,,
传统技艺,41928.4,2002.6,41825.5,4
传统技艺,41917.8,2017.2,43062.9,11
,,,,
传统技艺,41853.5,2001.5,41962,4
传统技艺,41825.5,2002.5,41722.6,4
,,,,
,,,,
传统音乐,41759.4,2017.6,41376,12
传统技艺,41745,2001.6,41853.5,4
传统技艺,41722.6,2002.4,41619.7,4
,,,,
传统美术,41687.4,2013.9,40982.8,9
传统戏剧,41665,2015.3,40426,9
传统技艺,41636.5,2001.7,41745,4
传统技艺,41619.7,2002.3,41516.8,4
,,,,
传统技艺,41542.2,2000.8,41115.3,4
,,,,
,,,,
,,,,
,,,,
,,,,
,,,,
传统技艺,41528,2001.8,41636.5,4
,,,,
,,,,
,,,,
,,,,
,,,,
,,,,
,,,,
传统技艺,41516.8,2002.2,41413.9,4
,,,,
,,,,
传统技艺,41419.5,2001.9,41528,4
,,,,
传统技艺,41413.9,2002.1,41311,4
,,,,
传统音乐,41376,2017.5,40992.6,12
,,,,
,,,,
,,,,
,,,,
传统技艺,41311,2002,41419.5,4
,,,,
,,,,
传统舞蹈,41241.6,2009.8,40083.9,5
,,,,
,,,,
,,,,
传统技艺,41115.3,2000.7,40688.4,4
,,,,
,,,,
,,,,
,,,,
,,,,
,,,,
,,,,
传统音乐,40992.6,2017.4,40609.2,13
传统美术,40982.8,2013.8,40278.2,9
,,,,
,,,,
,,,,
,,,,
,,,,
传统技艺,40772.7,2017.3,41917.8,13
传统医药,40772,2017,40573.8,14
传统技艺,40688.4,2000.6,40261.5,4
传统医药,40682.2,2017.1,40772,14
,,,,
,,,,
,,,,
传统音乐,40609.2,2017.3,40225.8,14
传统医药,40592.4,2017.2,40682.2,14
传统医药,40573.8,2016.9,40375.6,14
,,,,
传统医药,40502.6,2017.3,40592.4,15
,,,,
,,,,
传统戏剧,40426,2015.2,39187,9
传统医药,40412.8,2017.4,40502.6,14
,,,,
传统医药,40375.6,2016.8,40177.4,14
传统医药,40323,2017.5,40412.8,14
,,,,
传统美术,40278.2,2013.7,39573.6,9
传统技艺,40261.5,2000.5,39834.6,4
,,,,
,,,,
,,,,
传统医药,40233.2,2017.6,40323,14
传统音乐,40225.8,2017.2,39842.4,15
,,,,
传统医药,40177.4,2016.7,39979.2,14
传统医药,40143.4,2017.7,40233.2,14
,,,,
传统舞蹈,40083.9,2009.7,38926.2,5
,,,,
传统医药,40053.6,2017.8,40143.4,14
,,,,
,,,,
传统医药,39979.2,2016.6,39781,14
传统医药,39963.8,2017.9,40053.6,14
传统医药,39874,2018,39963.8,14
传统音乐,39842.4,2017.1,39459,15
传统技艺,39834.6,2000.4,39407.7,4
,,,,
,,,,
,,,,
传统医药,39781,2016.5,39582.8,14
,,,,
,,,,
,,,,
,,,,
传统技艺,39627.6,2017.4,40772.7,15
,,,,
,,,,
,,,,
,,,,
传统医药,39582.8,2016.4,39384.6,13
传统美术,39573.6,2013.6,38869,9
,,,,
,,,,
,,,,
传统音乐,39459,2017,39208.3,15
,,,,
,,,,
传统技艺,39407.7,2000.3,38980.8,4
传统音乐,39385,2012,38968.2,8
传统医药,39384.6,2016.3,39186.4,13
,,,,
,,,,
传统音乐,39208.3,2016.9,38957.6,15
传统戏剧,39187,2015.1,37948,10
传统医药,39186.4,2016.2,38988.2,13
传统音乐,39172.2,2012.1,39385,8
,,,,
传统音乐,39048,2000,39048,4
传统医药,38988.2,2016.1,38790,13
传统技艺,38980.8,2000.2,38553.9,4
传统音乐,38968.2,2011.9,38551.4,8
传统音乐,38959.4,2012.2,39172.2,8
传统音乐,38957.6,2016.8,38706.9,15
,,,,
,,,,
传统舞蹈,38926.2,2009.6,37768.5,5
传统美术,38869,2013.5,38164.4,9
,,,,
传统医药,38790,2016,38562.4,13
传统音乐,38746.6,2012.3,38959.4,8
,,,,
,,,,
传统音乐,38706.9,2016.7,38456.2,15
传统音乐,38609.7,2000.1,39048,4
传统医药,38562.4,2015.9,38334.8,13
传统技艺,38553.9,2000.1,38127,5
传统音乐,38551.4,2011.8,38134.6,8
传统音乐,38533.8,2012.4,38746.6,8
,,,,
传统技艺,38482.5,2017.5,39627.6,15
传统音乐,38456.2,2016.6,38205.5,15
传统医药,38334.8,2015.8,38107.2,13
传统音乐,38321,2012.5,38533.8,8
,,,,
,,,,
传统音乐,38205.5,2016.5,37954.8,15
传统音乐,38171.4,2000.2,38609.7,5
传统美术,38164.4,2013.4,37459.8,9
传统音乐,38134.6,2011.7,37717.8,8
传统技艺,38127,2000,38127,5
传统音乐,38108.2,2012.6,38321,8
传统医药,38107.2,2015.7,37879.6,13
,,,,
,,,,
传统音乐,37954.8,2016.4,37704.1,15
传统戏剧,37948,2015,37101,10
传统音乐,37895.4,2012.7,38108.2,8
传统医药,37879.6,2015.6,37652,13
,,,,
民俗,37799.6,2011.1,33492,6
传统舞蹈,37768.5,2009.5,36610.8,5
传统音乐,37733.1,2000.3,38171.4,5
传统音乐,37717.8,2011.6,37301,8
传统音乐,37704.1,2016.3,37453.4,14
传统音乐,37682.6,2012.8,37895.4,9
传统医药,37652,2015.5,37424.4,13
,,,,
,,,,
传统音乐,37469.8,2012.9,37682.6,9
传统美术,37459.8,2013.3,36755.2,9
传统音乐,37453.4,2016.2,37202.7,14
传统医药,37424.4,2015.4,37196.8,13
,,,,
,,,,
传统技艺,37337.4,2017.6,38482.5,15
传统音乐,37301,2011.5,36884.2,8
传统音乐,37294.8,2000.4,37733.1,5
,,,,
传统音乐,37257,2013,37469.8,9
,,,,
传统音乐,37202.7,2016.1,36952,14
传统医药,37196.8,2015.3,36969.2,13
传统戏剧,37101,2014.9,36254,10
传统医药,36969.2,2015.2,36741.6,13
传统音乐,36952,2016,36798.3,14
传统音乐,36946.6,2013.1,37257,9
,,,,
,,,,
,,,,
传统音乐,36884.2,2011.4,36467.4,8
传统音乐,36856.5,2000.5,37294.8,5
传统音乐,36798.3,2015.9,36644.6,14
传统美术,36755.2,2013.2,36050.6,9
传统医药,36741.6,2015.1,36514,13
,,,,
传统音乐,36644.6,2015.8,36490.9,14
传统音乐,36636.2,2013.2,36946.6,10
,,,,
传统舞蹈,36610.8,2009.4,35453.1,5
传统医药,36514,2015,36084.9,13
传统音乐,36490.9,2015.7,36337.2,14
,,,,
,,,,
传统音乐,36467.4,2011.3,36050.6,8
传统音乐,36418.2,2000.6,36856.5,5
,,,,
传统音乐,36337.2,2015.6,36183.5,14
传统音乐,36325.8,2013.3,36636.2,10
,,,,
传统戏剧,36254,2014.8,35407,11
,,,,
,,,,
传统技艺,36192.3,2017.7,37337.4,15
传统音乐,36183.5,2015.5,36029.8,14
传统医药,36084.9,2014.9,35655.8,13
传统音乐,36050.6,2011.2,35633.8,8
传统美术,36050.6,2013.1,35346,10
,,,,
传统音乐,36029.8,2015.4,35876.1,14
传统音乐,36015.4,2013.4,36325.8,10
,,,,
,,,,
传统音乐,35979.9,2000.7,36418.2,5
传统音乐,35876.1,2015.3,35722.4,14
,,,,
,,,,
传统音乐,35722.4,2015.2,35568.7,14
,,,,
,,,,
传统音乐,35705,2013.5,36015.4,10
传统医药,35655.8,2014.8,35226.7,13
传统音乐,35633.8,2011.1,35217,8
,,,,
传统音乐,35588,2005,35379.1,5
,,,,
传统音乐,35568.7,2015.1,35415,14
传统音乐,35541.6,2000.8,35979.9,5
,,,,
传统舞蹈,35453.1,2009.3,34295.4,5
传统音乐,35415,2015,35288.8,14
,,,,
传统戏剧,35407,2014.7,34560,12
传统音乐,35394.6,2013.6,35705,10
,,,,
传统音乐,35379.1,2004.9,35170.2,5
传统美术,35346,2013,34839.4,10
传统音乐,35288.8,2014.9,35162.6,14
,,,,
传统音乐,35261.1,2005.1,35588,5
传统医药,35226.7,2014.7,34797.6,13
传统音乐,35217,2011,34896.8,7
,,,,
传统音乐,35170.2,2004.8,34961.3,5
传统音乐,35162.6,2014.8,35036.4,14
,,,,
,,,,
传统音乐,35103.3,2000.9,35541.6,5
传统音乐,35084.2,2013.7,35394.6,10
,,,,
传统技艺,35047.2,2017.8,36192.3,15
传统音乐,35036.4,2014.7,34910.2,14
,,,,
传统音乐,34961.3,2004.7,34752.4,5
传统音乐,34934.2,2005.2,35261.1,5
传统音乐,34910.2,2014.6,34784,12
,,,,
传统音乐,34896.8,2010.9,34576.6,7
传统美术,34839.4,2012.9,34332.8,10
,,,,
,,,,
传统医药,34797.6,2014.6,34368.5,13
,,,,
传统音乐,34784,2014.5,34657.8,12
传统音乐,34773.8,2013.8,35084.2,10
传统音乐,34752.4,2004.6,34543.5,5
传统音乐,34665,2001,35103.3,5
传统音乐,34657.8,2014.4,34531.6,12
传统音乐,34607.3,2005.3,34934.2,5
,,,,
传统音乐,34576.6,2010.8,34256.4,7
,,,,
,,,,
传统戏剧,34560,2014.6,33713,14
传统音乐,34543.5,2004.5,34334.6,5
传统音乐,34531.6,2014.3,34405.4,12
,,,,
,,,,
传统音乐,34463.4,2013.9,34773.8,10
传统音乐,34405.4,2014.2,34279.2,12
,,,,
传统医药,34368.5,2014.5,33939.4,13
,,,,
传统音乐,34334.6,2004.4,34125.7,5
传统美术,34332.8,2012.8,33826.2,10
,,,,
传统舞蹈,34295.4,2009.2,33137.7,5
传统音乐,34284.6,2001.1,34665,5
传统音乐,34280.4,2005.4,34607.3,5
传统音乐,34279.2,2014.1,34153,12
传统音乐,34256.4,2010.7,33936.2,7
,,,,
,,,,
,,,,
传统音乐,34153,2014,34463.4,12
,,,,
传统音乐,34125.7,2004.3,33916.8,5
,,,,
传统美术,34050,2008,33852,5
,,,,
,,,,
,,,,
传统音乐,33953.5,2005.5,34280.4,5
传统医药,33939.4,2014.4,33510.3,13
传统音乐,33936.2,2010.6,33616,7
传统音乐,33916.8,2004.2,33707.9,5
传统音乐,33904.2,2001.2,34284.6,5
传统技艺,33902.1,2017.9,35047.2,16
,,,,
传统美术,33852,2007.9,33654,5
,,,,
传统美术,33826.2,2012.7,33319.6,10
,,,,
,,,,
传统美术,33778,2008.1,34050,5
,,,,
传统戏剧,33713,2014.5,32866,14
传统音乐,33707.9,2004.1,33499,5
传统美术,33654,2007.8,33456,5
传统音乐,33626.6,2005.6,33953.5,5
传统音乐,33616,2010.5,33295.8,7
,,,,
,,,,
,,,,
传统医药,33553,2000,33553,7
传统音乐,33523.8,2001.3,33904.2,5
,,,,
传统医药,33510.3,2014.3,33081.2,13
传统美术,33506,2008.2,33778,5
,,,,
传统音乐,33499,2004,33260.3,5
民俗,33492,2011,32257.1,8
传统医药,33456.8,2000.1,33553,7
传统美术,33456,2007.7,33258,5
,,,,
,,,,
传统医药,33360.6,2000.2,33456.8,7
传统美术,33319.6,2012.6,32813,10
,,,,
传统音乐,33299.7,2005.7,33626.6,5
传统音乐,33295.8,2010.4,32975.6,7
传统医药,33264.4,2000.3,33360.6,7
,,,,
传统音乐,33260.3,2003.9,33021.6,5
传统美术,33258,2007.6,33060,5
,,,,
传统美术,33234,2008.3,33506,5
,,,,
,,,,
传统医药,33168.2,2000.4,33264.4,7
传统音乐,33143.4,2001.4,33523.8,5
传统舞蹈,33137.7,2009.1,31980,5
,,,,
传统医药,33081.2,2014.2,32652.1,13
传统医药,33072,2000.5,33168.2,7
传统美术,33060,2007.5,32862,5
,,,,
,,,,
传统音乐,33021.6,2003.8,32782.9,5
,,,,
传统医药,32975.8,2000.6,33072,6
传统音乐,32975.6,2010.3,32655.4,7
传统音乐,32972.8,2005.8,33299.7,5
传统美术,32962,2008.4,33234,5
,,,,
,,,,
传统医药,32879.6,2000.7,32975.8,6
,,,,
传统戏剧,32866,2014.4,32019,14
传统美术,32862,2007.4,32664,5
传统美术,32813,2012.5,32306.4,10
,,,,
,,,,
传统医药,32783.4,2000.8,32879.6,6
传统音乐,32782.9,2003.7,32544.2,5
传统音乐,32763,2001.5,33143.4,5
传统技艺,32757,2018,33902.1,16
,,,,
传统美术,32690,2008.5,32962,5
传统医药,32687.2,2000.9,32783.4,6
,,,,
传统美术,32664,2007.3,32466,5
传统音乐,32655.4,2010.2,32335.2,7
传统医药,32652.1,2014.1,32223,13
传统音乐,32645.9,2005.9,32972.8,5
,,,,
,,,,
,,,,
传统医药,32591,2001,32687.2,6
,,,,
传统音乐,32544.2,2003.6,32305.5,5
,,,,
传统美术,32466,2007.2,32268,5
,,,,
传统美术,32418,2008.6,32690,5
,,,,
,,,,
传统音乐,32382.6,2001.6,32763,5
传统音乐,32335.2,2010.1,32015,7
传统音乐,32319,2006,32645.9,5
,,,,
传统美术,32306.4,2012.4,31799.8,10
传统音乐,32305.5,2003.5,32066.8,5
,,,,
传统美术,32268,2007.1,32070,5
传统医药,32257.5,2001.1,32591,6
民俗,32257.1,2010.9,31022.2,8
传统医药,32223,2014,31815.4,13
,,,,
传统音乐,32182.5,2006.1,32319,5
,,,,
,,,,
传统美术,32146,2008.7,32418,5
,,,,
传统美术,32070,2007,31657.1,5
传统音乐,32066.8,2003.4,31828.1,5
传统音乐,32046,2006.2,32182.5,5
,,,,
传统戏剧,32019,2014.3,31172,14
传统音乐,32015,2010,31877.1,7
传统音乐,32002.2,2001.7,32382.6,5
传统舞蹈,31980,2009,31341,6
,,,,
,,,,
,,,,
传统医药,31924,2001.2,32257.5,6
传统音乐,31909.5,2006.3,32046,5
,,,,
,,,,
传统音乐,31877.1,2009.9,31739.2,7
传统美术,31874,2008.8,32146,6
,,,,
,,,,
传统音乐,31828.1,2003.3,31589.4,5
传统医药,31815.4,2013.9,31407.8,13
传统美术,31799.8,2012.3,31293.2,10
,,,,
传统音乐,31773,2006.4,31909.5,5
传统音乐,31739.2,2009.8,31601.3,7
,,,,
,,,,
,,,,
传统美术,31657.1,2006.9,31244.2,5
传统音乐,31636.5,2006.5,31773,5
,,,,
传统音乐,31621.8,2001.8,32002.2,5
传统美术,31602,2008.9,31874,6
传统音乐,31601.3,2009.7,31463.4,7
传统医药,31590.5,2001.3,31924,6
传统音乐,31589.4,2003.2,31350.7,5
,,,,
,,,,
,,,,
,,,,
,,,,
传统音乐,31500,2006.6,31636.5,5
传统音乐,31463.4,2009.6,31325.5,7
,,,,
,,,,
传统医药,31407.8,2013.8,31000.2,13
传统音乐,31363.5,2006.7,31500,5
,,,,
传统音乐,31350.7,2003.1,31112,5
,,,,
传统舞蹈,31341,2008.9,30702,7
,,,,
传统美术,31330,2009,31602,7
传统音乐,31325.5,2009.5,31187.6,7
,,,,
传统美术,31293.2,2012.2,30786.6,10
,,,,
传统音乐,31261,2008,31230.3,6
传统医药,31257,2001.4,31590.5,6
传统美术,31244.2,2006.8,30831.3,5
,,,,
传统音乐,31241.4,2001.9,31621.8,5
传统音乐,31230.3,2007.9,31199.6,6
传统音乐,31227,2006.8,31363.5,6
传统音乐,31199.6,2007.8,31168.9,6
传统音乐,31198.5,2008.1,31261,6
传统音乐,31187.6,2009.4,31049.7,7
,,,,
传统戏剧,31172,2014.2,30325,14
,,,,
传统音乐,31168.9,2007.7,31138.2,6
,,,,
传统音乐,31138.2,2007.6,31107.5,6
传统音乐,31136,2008.2,31198.5,7
传统音乐,31112,2003,31086.9,5
传统音乐,31107.5,2007.5,31076.8,6
传统音乐,31090.5,2006.9,31227,6
传统音乐,31086.9,2002.9,31061.8,5
传统音乐,31076.8,2007.4,31046.1,6
传统音乐,31073.5,2008.3,31136,7
传统音乐,31061.8,2002.8,31036.7,5
传统音乐,31049.7,2009.3,30911.8,7
,,,,
,,,,
传统音乐,31046.1,2007.3,31015.4,6
传统音乐,31036.7,2002.7,31011.6,5
民俗,31022.2,2010.8,29787.3,8
传统音乐,31015.4,2007.2,30984.7,6
传统音乐,31011.6,2002.6,30986.5,5
传统音乐,31011,2008.4,31073.5,7
,,,,
,,,,
,,,,
传统医药,31000.2,2013.7,30592.6,13
传统音乐,30986.5,2002.5,30961.4,5
传统音乐,30984.7,2007.1,30954,6
传统音乐,30961.4,2002.4,30936.3,5
传统音乐,30954,2007,31090.5,6
传统音乐,30948.5,2008.5,31011,7
,,,,
传统音乐,30936.3,2002.3,30911.2,5
,,,,
传统医药,30923.5,2001.5,31257,6
传统音乐,30911.8,2009.2,30773.9,7
传统音乐,30911.2,2002.2,30886.1,5
传统音乐,30886.1,2002.1,30861,5
传统音乐,30886,2008.6,30948.5,7
,,,,
传统音乐,30861,2002,31241.4,5
,,,,
传统美术,30831.3,2006.7,30418.4,6
,,,,
传统音乐,30823.5,2008.7,30886,7
,,,,
传统美术,30816.2,2009.1,31330,7
传统美术,30786.6,2012.1,30280,10
传统音乐,30773.9,2009.1,30636,8
传统音乐,30761,2008.8,30823.5,7
,,,,
,,,,
,,,,
,,,,
,,,,
,,,,
传统舞蹈,30702,2008.8,30063,8
传统音乐,30698.5,2008.9,30761,8
,,,,
传统音乐,30636,2009,30698.5,8
,,,,
,,,,
传统医药,30592.6,2013.6,30185,13
传统医药,30590,2001.6,30923.5,6
,,,,
,,,,
,,,,
,,,,
,,,,
,,,,
,,,,
传统美术,30418.4,2006.6,30005.5,6
,,,,
,,,,
,,,,
,,,,
传统戏剧,30325,2014.1,29478,15
传统美术,30302.4,2009.2,30816.2,8
,,,,
,,,,
传统美术,30280,2012,30028.4,10
,,,,
传统医药,30256.5,2001.7,30590,6
,,,,
传统医药,30185,2013.5,29777.4,13
,,,,
,,,,
,,,,
,,,,
,,,,
,,,,
,,,,
,,,,
,,,,
传统舞蹈,30063,2008.7,29424,8
,,,,
,,,,
传统美术,30028.4,2011.9,29776.8,10
传统美术,30005.5,2006.5,29592.6,6
,,,,
,,,,
,,,,
传统医药,29923,2001.8,30256.5,6
,,,,
,,,,
,,,,
,,,,
,,,,
,,,,
传统美术,29788.6,2009.3,30302.4,8
民俗,29787.3,2010.7,28552.4,8
传统医药,29777.4,2013.4,29369.8,14
传统美术,29776.8,2011.8,29525.2,10
,,,,
,,,,
,,,,
传统美术,29592.6,2006.4,29179.7,6
传统医药,29589.5,2001.9,29923,6
,,,,
,,,,
传统美术,29525.2,2011.7,29273.6,10
,,,,
传统戏剧,29478,2014,28892.2,15
,,,,
传统舞蹈,29424,2008.6,28785,8
,,,,
,,,,
传统医药,29369.8,2013.3,28962.2,14
,,,,
,,,,
传统美术,29274.8,2009.4,29788.6,8
传统美术,29273.6,2011.6,29022,9
传统医药,29256,2002,29589.5,6
传统医药,29251,2008,29246.9,8
传统医药,29246.9,2007.9,29242.8,8
传统医药,29242.8,2007.8,29238.7,8
,,,,
传统医药,29238.7,2007.7,29234.6,8
传统医药,29234.6,2007.6,29230.5,8
传统医药,29230.5,2007.5,29226.4,8
传统医药,29226.4,2007.4,29222.3,8
传统医药,29222.3,2007.3,29218.2,8
传统医药,29218.2,2007.2,29214.1,8
传统医药,29214.1,2007.1,29210,8
传统医药,29210,2007,29073.8,8
,,,,
,,,,
传统美术,29179.7,2006.3,28766.8,6
传统医药,29170.6,2008.1,29251,8
传统医药,29134,2002.1,29256,6
,,,,
,,,,
传统医药,29090.2,2008.2,29170.6,8
传统医药,29073.8,2006.9,28937.6,8
,,,,
,,,,
,,,,
传统美术,29022,2011.5,28770.4,9
,,,,
传统医药,29018,2011,28989.3,9
传统医药,29012,2002.2,29134,6
传统医药,29009.8,2008.3,29090.2,8
传统医药,28989.3,2010.9,28960.6,9
传统医药,28962.2,2013.2,28554.6,14
传统医药,28960.6,2010.8,28931.9,9
传统医药,28937.6,2006.8,28801.4,8
传统医药,28931.9,2010.7,28903.2,9
传统医药,28929.4,2008.4,29009.8,8
传统医药,28903.2,2010.6,28874.5,8
传统戏剧,28892.2,2013.9,28306.4,15
传统医药,28890,2002.3,29012,6
,,,,
传统医药,28874.5,2010.5,28845.8,8
,,,,
传统医药,28860,2011.1,29018,9
传统医药,28849,2008.5,28929.4,8
传统医药,28845.8,2010.4,28817.1,8
,,,,
传统医药,28817.1,2010.3,28788.4,8
传统医药,28801.4,2006.7,28665.2,8
传统医药,28788.4,2010.2,28759.7,8
传统舞蹈,28785,2008.5,28146,9
,,,,
传统美术,28770.4,2011.4,28518.8,9
传统医药,28768.6,2008.6,28849,9
传统医药,28768,2002.4,28890,6
传统美术,28766.8,2006.2,28353.9,6
传统美术,28761,2009.5,29274.8,8
传统医药,28759.7,2010.1,28731,8
传统医药,28731,2010,28702.6,8
传统医药,28702.6,2009.9,28674.2,8
传统医药,28702,2011.2,28860,9
传统医药,28688.2,2008.7,28768.6,9
,,,,
传统医药,28674.2,2009.8,28645.8,8
传统医药,28665.2,2006.6,28529,7
传统医药,28646,2002.5,28768,6
传统医药,28645.8,2009.7,28617.4,8
,,,,
传统医药,28617.4,2009.6,28589,8
传统医药,28607.8,2008.8,28688.2,9
,,,,
传统医药,28589,2009.5,28560.6,9
,,,,
传统医药,28560.6,2009.4,28532.2,9
传统医药,28554.6,2013.1,28147,14
民俗,28552.4,2010.6,27317.5,9
传统医药,28544,2011.3,28702,9
传统医药,28532.2,2009.3,28503.8,9
传统医药,28529,2006.5,28392.8,7
传统医药,28527.4,2008.9,28607.8,9
传统医药,28524,2002.6,28646,6
传统美术,28518.8,2011.3,28267.2,10
,,,,
传统医药,28503.8,2009.2,28475.4,9
,,,,
,,,,
传统医药,28475.4,2009.1,28447,9
,,,,
传统医药,28447,2009,28527.4,9
传统医药,28402,2002.7,28524,6
传统医药,28392.8,2006.4,28256.6,7
传统医药,28386,2011.4,28544,11
,,,,
传统美术,28353.9,2006.1,27941,6
,,,,
,,,,
传统戏剧,28306.4,2013.8,27720.6,15
传统医药,28280,2002.8,28402,6
传统美术,28267.2,2011.2,28015.6,10
,,,,
,,,,
传统医药,28256.6,2006.3,28120.4,7
传统美术,28247.2,2009.6,28761,9
,,,,
,,,,
传统医药,28228,2011.5,28386,11
,,,,
传统医药,28158,2002.9,28280,6
,,,,
,,,,
,,,,
,,,,
传统医药,28147,2013,28076.1,14
传统舞蹈,28146,2008.4,27507,9
,,,,
传统医药,28120.4,2006.2,27984.2,7
传统医药,28076.1,2012.9,28005.2,14
,,,,
传统医药,28070,2011.6,28228,12
传统医药,28036,2003,28158,6
传统美术,28015.6,2011.1,27764,11
传统医药,28005.2,2012.8,27934.3,14
,,,,
,,,,
传统医药,27984.2,2006.1,27848,7
,,,,
,,,,
传统医药,27943.7,2003.1,28036,6
传统美术,27941,2006,27630.6,6
,,,,
传统医药,27934.3,2012.7,27863.4,14
传统医药,27912,2011.7,28070,12
,,,,
传统医药,27863.4,2012.6,27792.5,14
,,,,
传统医药,27851.4,2003.2,27943.7,6
传统医药,27848,2006,27707.3,7
,,,,
传统医药,27792.5,2012.5,27721.6,14
传统美术,27764,2011,27606.8,11
,,,,
传统医药,27759.1,2003.3,27851.4,6
传统医药,27754,2011.8,27912,13
,,,,
传统美术,27733.4,2009.7,28247.2,9
传统医药,27721.6,2012.4,27650.7,14
传统戏剧,27720.6,2013.7,27134.8,15
,,,,
传统医药,27707.3,2005.9,27566.6,6
,,,,
,,,,
,,,,
传统医药,27666.8,2003.4,27759.1,6
传统医药,27650.7,2012.3,27579.8,14
,,,,
传统美术,27630.6,2005.9,27320.2,7
,,,,
传统美术,27606.8,2010.9,27449.6,11
,,,,
传统医药,27596,2011.9,27754,13
传统医药,27579.8,2012.2,27508.9,13
传统医药,27574.5,2003.5,27666.8,6
,,,,
传统医药,27566.6,2005.8,27425.9,6
,,,,
,,,,
传统医药,27508.9,2012.1,27438,13
传统舞蹈,27507,2008.3,26868,9
,,,,
传统医药,27482.2,2003.6,27574.5,6
,,,,
传统美术,27449.6,2010.8,27292.4,11
,,,,
传统医药,27438,2012,27596,13
传统医药,27425.9,2005.7,27285.2,6
传统医药,27389.9,2003.7,27482.2,6
,,,,
,,,,
,,,,
,,,,
,,,,
,,,,
,,,,
传统美术,27320.2,2005.8,27009.8,7
民俗,27317.5,2010.5,26082.6,10
,,,,
传统医药,27297.6,2003.8,27389.9,6
传统美术,27292.4,2010.7,27135.2,11
传统医药,27285.2,2005.6,27144.5,6
,,,,
,,,,
,,,,
,,,,
传统美术,27219.6,2009.8,27733.4,9
,,,,
,,,,
,,,,
传统医药,27205.3,2003.9,27297.6,6
,,,,
,,,,
,,,,
,,,,
,,,,
,,,,
,,,,
传统医药,27144.5,2005.5,27003.8,6
,,,,
传统美术,27135.2,2010.6,26978,11
传统戏剧,27134.8,2013.6,26549,15
传统医药,27113,2004,27205.3,6
,,,,
,,,,
,,,,
,,,,
,,,,
,,,,
传统医药,27045.8,2004.1,27113,6
,,,,
,,,,
,,,,
,,,,
传统美术,27009.8,2005.7,26699.4,8
,,,,
,,,,
传统医药,27003.8,2005.4,26863.1,6
,,,,
,,,,
传统医药,26978.6,2004.2,27045.8,6
传统美术,26978,2010.5,26820.8,11
,,,,
,,,,
,,,,
传统医药,26911.4,2004.3,26978.6,6
,,,,
,,,,
传统舞蹈,26868,2008.2,26229,9
,,,,
传统医药,26863.1,2005.3,26722.4,6
,,,,
传统医药,26844.2,2004.4,26911.4,6
,,,,
,,,,
,,,,
传统美术,26820.8,2010.4,26663.6,10
,,,,
,,,,
,,,,
,,,,
传统医药,26777,2004.5,26844.2,6
,,,,
,,,,
,,,,
,,,,
,,,,
传统医药,26722.4,2005.2,26581.7,6
传统医药,26709.8,2004.6,26777,6
传统美术,26705.8,2009.9,27219.6,9
传统美术,26699.4,2005.6,26389,8
,,,,
,,,,
传统美术,26663.6,2010.3,26506.4,10
,,,,
传统医药,26642.6,2004.7,26709.8,6
,,,,
,,,,
,,,,
,,,,
,,,,
,,,,
,,,,
传统医药,26581.7,2005.1,26441,6
传统医药,26575.4,2004.8,26642.6,6
,,,,
,,,,
,,,,
传统戏剧,26549,2013.5,25963.2,15
,,,,
,,,,
传统医药,26508.2,2004.9,26575.4,6
传统美术,26506.4,2010.2,26349.2,10
,,,,
,,,,
,,,,
传统医药,26441,2005,26508.2,6
,,,,
,,,,
传统美术,26389,2005.5,26078.6,8
,,,,
,,,,
,,,,
传统美术,26349.2,2010.1,26192,10
,,,,
,,,,
,,,,
,,,,
,,,,
,,,,
,,,,
,,,,
,,,,
,,,,
,,,,
传统舞蹈,26229,2008.1,25590,9
,,,,
,,,,
,,,,
传统美术,26192,2010,26705.8,10
,,,,
,,,,
,,,,
,,,,
,,,,
,,,,
民俗,26082.6,2010.4,24847.7,12
传统美术,26078.6,2005.4,25768.2,8
,,,,
,,,,
,,,,
,,,,
,,,,
,,,,
,,,,
,,,,
,,,,
,,,,
,,,,
,,,,
,,,,
,,,,
传统戏剧,25963.2,2013.4,25377.4,15
,,,,
,,,,
,,,,
,,,,
,,,,
,,,,
,,,,
,,,,
,,,,
,,,,
,,,,
,,,,
,,,,
,,,,
,,,,
,,,,
传统美术,25768.2,2005.3,25457.8,8
,,,,
,,,,
,,,,
,,,,
,,,,
,,,,
,,,,
,,,,
,,,,
,,,,
,,,,
传统舞蹈,25590,2008,24814.7,9
,,,,
,,,,
,,,,
,,,,
,,,,
,,,,
,,,,
,,,,
传统美术,25457.8,2005.2,25147.4,8
,,,,
,,,,
,,,,
,,,,
,,,,
,,,,
,,,,
,,,,
传统戏剧,25377.4,2013.3,24791.6,15
,,,,
,,,,
,,,,
,,,,
,,,,
,,,,
,,,,
,,,,
,,,,
,,,,
,,,,
,,,,
,,,,
,,,,
,,,,
,,,,
,,,,
传统美术,25147.4,2005.1,24837,8
,,,,
,,,,
,,,,
,,,,
,,,,
,,,,
,,,,
,,,,
,,,,
,,,,
,,,,
,,,,
,,,,
,,,,
,,,,
,,,,
,,,,
,,,,
,,,,
,,,,
,,,,
,,,,
,,,,
,,,,
,,,,
,,,,
,,,,
,,,,
,,,,
,,,,
,,,,
,,,,
,,,,
,,,,
,,,,
民俗,24847.7,2010.3,23612.8,12
,,,,
,,,,
传统美术,24837,2005,24620.6,8
,,,,
传统舞蹈,24814.7,2007.9,24039.4,10
,,,,
,,,,
传统戏剧,24791.6,2013.2,24205.8,16
,,,,
,,,,
,,,,
,,,,
,,,,
,,,,
,,,,
,,,,
,,,,
,,,,
,,,,
,,,,
,,,,
,,,,
,,,,
,,,,
,,,,
,,,,
传统美术,24620.6,2004.9,24404.2,8
,,,,
,,,,
,,,,
,,,,
,,,,
,,,,
,,,,
,,,,
,,,,
,,,,
,,,,
,,,,
,,,,
,,,,
传统美术,24404.2,2004.8,24187.8,8
,,,,
,,,,
,,,,
,,,,
,,,,
,,,,
,,,,
,,,,
,,,,
,,,,
,,,,
,,,,
,,,,
,,,,
,,,,
,,,,
,,,,
传统戏剧,24205.8,2013.1,23620,19
,,,,
,,,,
传统美术,24187.8,2004.7,23971.4,8
,,,,
,,,,
,,,,
,,,,
,,,,
,,,,
,,,,
,,,,
,,,,
,,,,
,,,,
,,,,
传统舞蹈,24039.4,2007.8,23264.1,10
,,,,
,,,,
,,,,
,,,,
,,,,
,,,,
,,,,
,,,,
传统美术,23971.4,2004.6,23755,8
,,,,
,,,,
,,,,
,,,,
,,,,
,,,,
,,,,
,,,,
,,,,
,,,,
,,,,
,,,,
,,,,
,,,,
,,,,
,,,,
,,,,
,,,,
,,,,
,,,,
,,,,
传统美术,23755,2004.5,23538.6,8
,,,,
,,,,
,,,,
,,,,
,,,,
,,,,
,,,,
,,,,
,,,,
,,,,
,,,,
,,,,
,,,,
,,,,
,,,,
,,,,
传统戏剧,23620,2013,23120.5,19
,,,,
民俗,23612.8,2010.2,22377.9,13
,,,,
,,,,
,,,,
,,,,
,,,,
,,,,
,,,,
传统美术,23538.6,2004.4,23322.2,8
,,,,
,,,,
,,,,
,,,,
,,,,
,,,,
,,,,
,,,,
,,,,
,,,,
,,,,
,,,,
,,,,
,,,,
,,,,
,,,,
,,,,
,,,,
,,,,
,,,,
,,,,
,,,,
,,,,
,,,,
,,,,
,,,,
,,,,
,,,,
,,,,
传统美术,23322.2,2004.3,23105.8,8
,,,,
,,,,
,,,,
,,,,
,,,,
,,,,
,,,,
,,,,
,,,,
,,,,
传统舞蹈,23264.1,2007.7,22488.8,10
,,,,
,,,,
,,,,
,,,,
,,,,
,,,,
,,,,
,,,,
,,,,
,,,,
,,,,
,,,,
,,,,
,,,,
,,,,
,,,,
,,,,
,,,,
,,,,
,,,,
传统戏剧,23120.5,2012.9,22621,19
,,,,
,,,,
,,,,
,,,,
传统美术,23105.8,2004.2,22889.4,8
,,,,
,,,,
,,,,
,,,,
,,,,
,,,,
,,,,
,,,,
,,,,
,,,,
,,,,
,,,,
,,,,
,,,,
,,,,
,,,,
,,,,
,,,,
,,,,
,,,,
,,,,
,,,,
,,,,
,,,,
,,,,
,,,,
,,,,
,,,,
传统美术,22889.4,2004.1,22673,8
,,,,
,,,,
,,,,
,,,,
,,,,
,,,,
,,,,
,,,,
,,,,
,,,,
,,,,
,,,,
,,,,
,,,,
,,,,
,,,,
,,,,
,,,,
,,,,
,,,,
,,,,
,,,,
,,,,
,,,,
,,,,
,,,,
,,,,
,,,,
,,,,
,,,,
,,,,
,,,,
,,,,
,,,,
,,,,
,,,,
,,,,
,,,,
,,,,
,,,,
,,,,
,,,,
,,,,
,,,,
,,,,
,,,,
,,,,
,,,,
传统美术,22673,2004,22484.1,8
,,,,
,,,,
,,,,
,,,,
,,,,
,,,,
,,,,
,,,,
,,,,
,,,,
,,,,
,,,,
传统戏剧,22621,2012.8,22121.5,19
,,,,
,,,,
,,,,
,,,,
,,,,
,,,,
,,,,
,,,,
,,,,
,,,,
,,,,
,,,,
,,,,
,,,,
,,,,
,,,,
,,,,
,,,,
,,,,
,,,,
传统舞蹈,22488.8,2007.6,21713.5,12
,,,,
传统美术,22484.1,2003.9,22295.2,8
,,,,
,,,,
,,,,
,,,,
,,,,
,,,,
,,,,
,,,,
,,,,
,,,,
,,,,
,,,,
,,,,
,,,,
,,,,
,,,,
,,,,
,,,,
,,,,
,,,,
,,,,
民俗,22377.9,2010.1,21143,15
,,,,
,,,,
,,,,
,,,,
,,,,
,,,,
,,,,
,,,,
,,,,
,,,,
,,,,
,,,,
,,,,
,,,,
,,,,
,,,,
传统美术,22295.2,2003.8,22106.3,8
,,,,
,,,,
,,,,
,,,,
,,,,
,,,,
,,,,
,,,,
,,,,
,,,,
,,,,
,,,,
,,,,
,,,,
,,,,
,,,,
,,,,
,,,,
,,,,
,,,,
,,,,
,,,,
,,,,
,,,,
,,,,
,,,,
,,,,
,,,,
,,,,
,,,,
传统戏剧,22121.5,2012.7,21622,19
,,,,
,,,,
,,,,
传统美术,22106.3,2003.7,21917.4,8
,,,,
,,,,
,,,,
,,,,
,,,,
,,,,
,,,,
,,,,
,,,,
,,,,
,,,,
,,,,
,,,,
,,,,
,,,,
,,,,
,,,,
,,,,
,,,,
,,,,
,,,,
,,,,
传统美术,21917.4,2003.6,21728.5,8
,,,,
,,,,
,,,,
,,,,
,,,,
,,,,
,,,,
,,,,
,,,,
,,,,
,,,,
,,,,
,,,,
,,,,
,,,,
,,,,
,,,,
,,,,
,,,,
,,,,
,,,,
,,,,
,,,,
,,,,
,,,,
传统美术,21728.5,2003.5,21539.6,8
,,,,
,,,,
传统舞蹈,21713.5,2007.5,20938.2,13
,,,,
,,,,
,,,,
,,,,
,,,,
,,,,
,,,,
,,,,
,,,,
,,,,
,,,,
,,,,
传统戏剧,21622,2012.6,21122.5,19
,,,,
,,,,
,,,,
,,,,
,,,,
,,,,
,,,,
,,,,
,,,,
,,,,
,,,,
,,,,
,,,,
传统美术,21539.6,2003.4,21350.7,8
,,,,
,,,,
,,,,
,,,,
,,,,
,,,,
,,,,
,,,,
,,,,
,,,,
,,,,
,,,,
,,,,
,,,,
,,,,
,,,,
,,,,
,,,,
,,,,
,,,,
,,,,
,,,,
,,,,
,,,,
,,,,
,,,,
,,,,
,,,,
,,,,
,,,,
,,,,
,,,,
,,,,
,,,,
,,,,
,,,,
,,,,
,,,,
传统美术,21350.7,2003.3,21161.8,9
,,,,
,,,,
,,,,
,,,,
,,,,
,,,,
,,,,
,,,,
,,,,
,,,,
,,,,
,,,,
,,,,
,,,,
,,,,
,,,,
,,,,
,,,,
,,,,
,,,,
,,,,
,,,,
,,,,
,,,,
,,,,
,,,,
,,,,
,,,,
,,,,
,,,,
,,,,
,,,,
,,,,
,,,,
,,,,
,,,,
,,,,
,,,,
传统美术,21161.8,2003.2,20972.9,9
,,,,
,,,,
,,,,
,,,,
,,,,
,,,,
,,,,
,,,,
,,,,
民俗,21143,2010,20572,16
传统戏剧,21122.5,2012.5,20623,19
,,,,
,,,,
,,,,
,,,,
,,,,
,,,,
,,,,
,,,,
,,,,
,,,,
,,,,
,,,,
,,,,
,,,,
,,,,
,,,,
,,,,
,,,,
,,,,
,,,,
,,,,
,,,,
传统美术,20972.9,2003.1,20784,9
,,,,
,,,,
传统舞蹈,20938.2,2007.4,20162.9,15
,,,,
,,,,
,,,,
,,,,
,,,,
,,,,
,,,,
,,,,
,,,,
,,,,
,,,,
,,,,
,,,,
,,,,
,,,,
,,,,
,,,,
,,,,
传统美术,20784,2003,20650.4,9
,,,,
,,,,
,,,,
,,,,
,,,,
,,,,
,,,,
,,,,
,,,,
,,,,
,,,,
,,,,
,,,,
,,,,
,,,,
传统美术,20650.4,2002.9,20516.8,9
,,,,
,,,,
,,,,
,,,,
,,,,
,,,,
传统戏剧,20623,2012.4,20123.5,19
,,,,
,,,,
,,,,
,,,,
,,,,
民俗,20572,2009.9,20001,16
,,,,
,,,,
,,,,
,,,,
,,,,
,,,,
,,,,
,,,,
,,,,
,,,,
,,,,
传统美术,20516.8,2002.8,20383.2,9
,,,,
,,,,
,,,,
,,,,
,,,,
,,,,
,,,,
,,,,
,,,,
,,,,
,,,,
,,,,
,,,,
,,,,
,,,,
,,,,
,,,,
,,,,
,,,,
,,,,
,,,,
,,,,
传统美术,20383.2,2002.7,20249.6,9
,,,,
,,,,
,,,,
,,,,
,,,,
,,,,
,,,,
,,,,
,,,,
,,,,
,,,,
,,,,
,,,,
,,,,
,,,,
,,,,
,,,,
,,,,
传统美术,20249.6,2002.6,20116,9
,,,,
,,,,
,,,,
,,,,
,,,,
,,,,
,,,,
,,,,
,,,,
,,,,
,,,,
,,,,
,,,,
传统舞蹈,20162.9,2007.3,19387.6,16
,,,,
,,,,
,,,,
,,,,
传统戏剧,20123.5,2012.3,19624,19
,,,,
,,,,
传统美术,20116,2002.5,19982.4,9
,,,,
,,,,
,,,,
,,,,
,,,,
,,,,
,,,,
,,,,
,,,,
,,,,
,,,,
,,,,
,,,,
,,,,
民俗,20001,2009.8,19430,16
,,,,
,,,,
传统美术,19982.4,2002.4,19848.8,9
,,,,
,,,,
,,,,
,,,,
,,,,
,,,,
,,,,
,,,,
,,,,
,,,,
,,,,
,,,,
,,,,
,,,,
,,,,
,,,,
,,,,
,,,,
,,,,
,,,,
,,,,
,,,,
,,,,
,,,,
,,,,
传统美术,19848.8,2002.3,19715.2,9
,,,,
,,,,
,,,,
,,,,
,,,,
,,,,
,,,,
,,,,
,,,,
,,,,
,,,,
,,,,
,,,,
,,,,
,,,,
,,,,
,,,,
,,,,
传统美术,19715.2,2002.2,19581.6,10
,,,,
,,,,
,,,,
,,,,
,,,,
,,,,
,,,,
,,,,
传统戏剧,19624,2012.2,19124.5,19
,,,,
,,,,
,,,,
,,,,
传统美术,19581.6,2002.1,19448,10
,,,,
,,,,
,,,,
,,,,
,,,,
,,,,
,,,,
,,,,
,,,,
,,,,
,,,,
,,,,
,,,,
,,,,
,,,,
,,,,
,,,,
传统美术,19448,2002,19361,10
,,,,
,,,,
民俗,19430,2009.7,18859,16
,,,,
,,,,
,,,,
,,,,
,,,,
,,,,
,,,,
传统舞蹈,19387.6,2007.2,18612.3,17
,,,,
,,,,
,,,,
传统美术,19361,2001.9,19274,10
,,,,
,,,,
,,,,
,,,,
,,,,
,,,,
,,,,
,,,,
,,,,
,,,,
,,,,
,,,,
,,,,
传统美术,19274,2001.8,19187,10
,,,,
,,,,
,,,,
,,,,
,,,,
,,,,
,,,,
,,,,
,,,,
,,,,
,,,,
,,,,
,,,,
,,,,
传统美术,19187,2001.7,19100,10
,,,,
,,,,
,,,,
,,,,
,,,,
,,,,
,,,,
,,,,
,,,,
,,,,
,,,,
传统戏剧,19124.5,2012.1,18625,19
,,,,
,,,,
,,,,
传统美术,19100,2001.6,19013,10
,,,,
,,,,
,,,,
,,,,
,,,,
,,,,
,,,,
,,,,
,,,,
,,,,
,,,,
,,,,
,,,,
,,,,
,,,,
传统美术,19013,2001.5,18926,10
,,,,
,,,,
,,,,
,,,,
,,,,
,,,,
,,,,
,,,,
,,,,
,,,,
,,,,
,,,,
,,,,
,,,,
,,,,
,,,,
,,,,
,,,,
,,,,
,,,,
传统美术,18926,2001.4,18839,10
,,,,
,,,,
,,,,
,,,,
,,,,
,,,,
,,,,
,,,,
,,,,
,,,,
,,,,
,,,,
,,,,
,,,,
,,,,
,,,,
民俗,18859,2009.6,18288,16
,,,,
,,,,
传统美术,18839,2001.3,18752,10
,,,,
,,,,
传统美术,18823,2000,18823,12
,,,,
,,,,
,,,,
,,,,
传统美术,18798.5,2000.1,18823,13
,,,,
,,,,
,,,,
,,,,
传统美术,18774,2000.2,18798.5,13
,,,,
,,,,
,,,,
,,,,
,,,,
,,,,
,,,,
传统美术,18752,2001.2,18665,11
,,,,
,,,,
传统美术,18749.5,2000.3,18774,13
,,,,
,,,,
传统美术,18725,2000.4,18749.5,13
,,,,
,,,,
,,,,
,,,,
,,,,
传统美术,18700.5,2000.5,18725,12
,,,,
,,,,
,,,,
,,,,
传统美术,18676,2000.6,18700.5,12
,,,,
传统美术,18665,2001.1,18578,11
,,,,
传统美术,18651.5,2000.7,18676,12
,,,,
,,,,
,,,,
,,,,
,,,,
,,,,
传统美术,18627,2000.8,18651.5,11
,,,,
,,,,
传统戏剧,18625,2012,18038.3,19
,,,,
传统舞蹈,18612.3,2007.1,17837,17
传统美术,18602.5,2000.9,18627,11
,,,,
,,,,
,,,,
,,,,
传统美术,18578,2001,18602.5,11
,,,,
,,,,
,,,,
,,,,
,,,,
,,,,
,,,,
,,,,
,,,,
,,,,
,,,,
,,,,
,,,,
,,,,
,,,,
,,,,
,,,,
,,,,
,,,,
,,,,
,,,,
,,,,
,,,,
,,,,
,,,,
,,,,
,,,,
,,,,
,,,,
,,,,
,,,,
,,,,
,,,,
,,,,
,,,,
,,,,
,,,,
,,,,
,,,,
,,,,
,,,,
,,,,
,,,,
,,,,
,,,,
,,,,
,,,,
,,,,
,,,,
,,,,
,,,,
,,,,
,,,,
,,,,
,,,,
,,,,
,,,,
,,,,
,,,,
,,,,
,,,,
,,,,
,,,,
,,,,
,,,,
,,,,
民俗,18288,2009.5,17717,17
,,,,
,,,,
,,,,
,,,,
,,,,
,,,,
,,,,
,,,,
,,,,
,,,,
,,,,
,,,,
,,,,
,,,,
,,,,
,,,,
,,,,
,,,,
,,,,
,,,,
,,,,
,,,,
,,,,
,,,,
,,,,
,,,,
,,,,
,,,,
,,,,
,,,,
,,,,
,,,,
,,,,
,,,,
,,,,
,,,,
,,,,
,,,,
,,,,
,,,,
,,,,
,,,,
,,,,
,,,,
,,,,
,,,,
,,,,
,,,,
,,,,
,,,,
,,,,
,,,,
,,,,
,,,,
,,,,
,,,,
传统戏剧,18038.3,2011.9,17451.6,19
,,,,
,,,,
,,,,
,,,,
,,,,
,,,,
,,,,
,,,,
,,,,
,,,,
,,,,
,,,,
,,,,
,,,,
,,,,
,,,,
,,,,
,,,,
,,,,
,,,,
,,,,
,,,,
,,,,
,,,,
,,,,
,,,,
,,,,
,,,,
,,,,
,,,,
,,,,
,,,,
,,,,
,,,,
,,,,
,,,,
,,,,
,,,,
,,,,
,,,,
,,,,
,,,,
,,,,
,,,,
,,,,
传统舞蹈,17837,2007,17290.9,18
,,,,
,,,,
,,,,
,,,,
,,,,
,,,,
,,,,
,,,,
,,,,
,,,,
,,,,
,,,,
,,,,
,,,,
,,,,
,,,,
,,,,
,,,,
民俗,17717,2009.4,17146,18
,,,,
,,,,
,,,,
,,,,
,,,,
,,,,
,,,,
,,,,
,,,,
,,,,
,,,,
,,,,
,,,,
,,,,
,,,,
,,,,
,,,,
,,,,
,,,,
,,,,
,,,,
,,,,
,,,,
,,,,
,,,,
,,,,
,,,,
,,,,
,,,,
,,,,
,,,,
,,,,
,,,,
,,,,
,,,,
,,,,
,,,,
,,,,
,,,,
,,,,
,,,,
,,,,
,,,,
,,,,
,,,,
,,,,
,,,,
,,,,
,,,,
,,,,
,,,,
,,,,
,,,,
,,,,
,,,,
,,,,
传统戏剧,17451.6,2011.8,16864.9,20
,,,,
,,,,
,,,,
,,,,
,,,,
,,,,
,,,,
,,,,
,,,,
,,,,
,,,,
,,,,
,,,,
,,,,
,,,,
,,,,
,,,,
,,,,
,,,,
,,,,
,,,,
,,,,
,,,,
,,,,
,,,,
,,,,
传统舞蹈,17290.9,2006.9,16744.8,18
,,,,
,,,,
,,,,
,,,,
,,,,
,,,,
,,,,
,,,,
,,,,
,,,,
,,,,
,,,,
,,,,
,,,,
,,,,
,,,,
,,,,
,,,,
,,,,
,,,,
,,,,
,,,,
,,,,
,,,,
,,,,
民俗,17146,2009.3,16575,18
,,,,
,,,,
,,,,
,,,,
,,,,
,,,,
,,,,
,,,,
,,,,
,,,,
,,,,
,,,,
,,,,
,,,,
,,,,
,,,,
,,,,
,,,,
,,,,
,,,,
,,,,
,,,,
,,,,
,,,,
,,,,
,,,,
,,,,
,,,,
,,,,
,,,,
,,,,
,,,,
,,,,
,,,,
,,,,
,,,,
,,,,
,,,,
,,,,
,,,,
,,,,
,,,,
,,,,
,,,,
,,,,
,,,,
,,,,
,,,,
,,,,
,,,,
,,,,
,,,,
传统戏剧,16864.9,2011.7,16278.2,20
,,,,
,,,,
,,,,
,,,,
,,,,
,,,,
,,,,
,,,,
,,,,
,,,,
,,,,
,,,,
,,,,
,,,,
,,,,
,,,,
,,,,
,,,,
,,,,
,,,,
,,,,
,,,,
,,,,
,,,,
,,,,
,,,,
,,,,
传统舞蹈,16744.8,2006.8,16198.7,18
,,,,
,,,,
,,,,
,,,,
,,,,
,,,,
,,,,
,,,,
,,,,
,,,,
,,,,
,,,,
,,,,
,,,,
,,,,
,,,,
,,,,
,,,,
,,,,
,,,,
,,,,
,,,,
,,,,
,,,,
,,,,
,,,,
,,,,
,,,,
,,,,
,,,,
,,,,
,,,,
,,,,
,,,,
,,,,
,,,,
,,,,
,,,,
民俗,16575,2009.2,16004,18
,,,,
,,,,
,,,,
,,,,
,,,,
,,,,
,,,,
,,,,
,,,,
,,,,
,,,,
,,,,
,,,,
,,,,
,,,,
,,,,
,,,,
,,,,
,,,,
,,,,
,,,,
,,,,
,,,,
,,,,
,,,,
,,,,
,,,,
,,,,
,,,,
,,,,
,,,,
,,,,
,,,,
,,,,
,,,,
,,,,
,,,,
,,,,
,,,,
,,,,
,,,,
,,,,
,,,,
,,,,
,,,,
,,,,
,,,,
,,,,
,,,,
,,,,
,,,,
,,,,
,,,,
,,,,
,,,,
,,,,
,,,,
,,,,
,,,,
,,,,
,,,,
,,,,
,,,,
,,,,
,,,,
,,,,
,,,,
,,,,
,,,,
,,,,
,,,,
,,,,
,,,,
,,,,
,,,,
,,,,
,,,,
,,,,
,,,,
,,,,
,,,,
,,,,
,,,,
,,,,
,,,,
,,,,
,,,,
,,,,
,,,,
,,,,
,,,,
,,,,
,,,,
,,,,
,,,,
传统戏剧,16278.2,2011.6,15691.5,21
,,,,
,,,,
,,,,
,,,,
,,,,
,,,,
,,,,
,,,,
,,,,
,,,,
,,,,
,,,,
,,,,
,,,,
,,,,
,,,,
,,,,
,,,,
,,,,
,,,,
传统舞蹈,16198.7,2006.7,15652.6,19
,,,,
,,,,
,,,,
,,,,
,,,,
,,,,
,,,,
,,,,
,,,,
,,,,
,,,,
,,,,
,,,,
,,,,
,,,,
,,,,
,,,,
,,,,
,,,,
,,,,
,,,,
,,,,
,,,,
,,,,
,,,,
,,,,
,,,,
,,,,
,,,,
,,,,
,,,,
,,,,
,,,,
,,,,
,,,,
,,,,
,,,,
,,,,
,,,,
,,,,
,,,,
民俗,16004,2009.1,15433,18
,,,,
,,,,
,,,,
,,,,
,,,,
,,,,
,,,,
,,,,
,,,,
,,,,
,,,,
,,,,
,,,,
,,,,
,,,,
,,,,
,,,,
,,,,
,,,,
,,,,
,,,,
,,,,
,,,,
,,,,
,,,,
,,,,
,,,,
,,,,
,,,,
,,,,
,,,,
,,,,
,,,,
,,,,
,,,,
,,,,
,,,,
,,,,
,,,,
,,,,
,,,,
,,,,
,,,,
,,,,
,,,,
,,,,
,,,,
,,,,
,,,,
,,,,
,,,,
,,,,
,,,,
,,,,
,,,,
,,,,
,,,,
,,,,
,,,,
,,,,
,,,,
传统戏剧,15691.5,2011.5,15104.8,21
,,,,
,,,,
,,,,
,,,,
,,,,
,,,,
传统舞蹈,15652.6,2006.6,15106.5,19
,,,,
,,,,
,,,,
,,,,
,,,,
,,,,
,,,,
,,,,
,,,,
,,,,
,,,,
,,,,
,,,,
,,,,
,,,,
,,,,
,,,,
,,,,
,,,,
,,,,
,,,,
,,,,
,,,,
,,,,
,,,,
,,,,
,,,,
,,,,
,,,,
,,,,
,,,,
,,,,
,,,,
,,,,
,,,,
,,,,
,,,,
,,,,
,,,,
,,,,
,,,,
,,,,
,,,,
,,,,
,,,,
,,,,
,,,,
民俗,15433,2009,15262.1,18
,,,,
,,,,
,,,,
,,,,
,,,,
,,,,
,,,,
,,,,
,,,,
,,,,
,,,,
,,,,
,,,,
,,,,
,,,,
,,,,
,,,,
,,,,
,,,,
,,,,
,,,,
,,,,
,,,,
,,,,
,,,,
,,,,
,,,,
,,,,
,,,,
,,,,
,,,,
,,,,
,,,,
,,,,
,,,,
,,,,
,,,,
,,,,
民俗,15262.1,2008.9,15091.2,19
,,,,
,,,,
,,,,
,,,,
,,,,
,,,,
,,,,
,,,,
,,,,
,,,,
,,,,
,,,,
,,,,
,,,,
,,,,
,,,,
,,,,
,,,,
,,,,
,,,,
,,,,
,,,,
,,,,
,,,,
,,,,
,,,,
,,,,
,,,,
,,,,
,,,,
,,,,
,,,,
,,,,
,,,,
,,,,
,,,,
,,,,
,,,,
,,,,
,,,,
传统舞蹈,15106.5,2006.5,14560.4,19
,,,,
传统戏剧,15104.8,2011.4,14518.1,22
,,,,
,,,,
,,,,
,,,,
民俗,15091.2,2008.8,14920.3,19
,,,,
,,,,
,,,,
,,,,
,,,,
,,,,
,,,,
,,,,
,,,,
,,,,
,,,,
,,,,
,,,,
,,,,
,,,,
,,,,
,,,,
,,,,
,,,,
,,,,
,,,,
,,,,
,,,,
,,,,
,,,,
,,,,
,,,,
,,,,
,,,,
,,,,
,,,,
,,,,
,,,,
,,,,
,,,,
,,,,
,,,,
,,,,
民俗,14920.3,2008.7,14749.4,19
,,,,
,,,,
,,,,
,,,,
,,,,
,,,,
,,,,
,,,,
,,,,
,,,,
,,,,
,,,,
,,,,
,,,,
,,,,
,,,,
,,,,
,,,,
,,,,
,,,,
,,,,
,,,,
,,,,
,,,,
,,,,
,,,,
,,,,
,,,,
,,,,
,,,,
,,,,
,,,,
,,,,
,,,,
,,,,
,,,,
,,,,
,,,,
民俗,14749.4,2008.6,14578.5,20
,,,,
,,,,
,,,,
,,,,
,,,,
,,,,
,,,,
,,,,
,,,,
,,,,
,,,,
,,,,
,,,,
,,,,
,,,,
,,,,
,,,,
,,,,
,,,,
,,,,
,,,,
,,,,
,,,,
,,,,
,,,,
,,,,
,,,,
,,,,
,,,,
民俗,14578.5,2008.5,14407.6,21
,,,,
,,,,
,,,,
,,,,
,,,,
传统舞蹈,14560.4,2006.4,14014.3,19
,,,,
,,,,
,,,,
,,,,
,,,,
,,,,
,,,,
,,,,
,,,,
,,,,
传统戏剧,14518.1,2011.3,13931.4,25
,,,,
,,,,
,,,,
,,,,
,,,,
,,,,
,,,,
,,,,
,,,,
,,,,
,,,,
,,,,
,,,,
,,,,
,,,,
,,,,
,,,,
,,,,
民俗,14407.6,2008.4,14236.7,21
,,,,
,,,,
,,,,
,,,,
,,,,
,,,,
,,,,
,,,,
,,,,
,,,,
,,,,
,,,,
,,,,
,,,,
,,,,
,,,,
,,,,
,,,,
,,,,
,,,,
,,,,
,,,,
,,,,
,,,,
,,,,
,,,,
,,,,
,,,,
,,,,
,,,,
,,,,
民俗,14236.7,2008.3,14065.8,21
,,,,
,,,,
,,,,
,,,,
,,,,
,,,,
,,,,
,,,,
,,,,
,,,,
,,,,
,,,,
,,,,
,,,,
,,,,
,,,,
,,,,
,,,,
,,,,
,,,,
,,,,
,,,,
,,,,
,,,,
,,,,
,,,,
,,,,
,,,,
,,,,
,,,,
,,,,
,,,,
,,,,
,,,,
,,,,
,,,,
,,,,
,,,,
,,,,
,,,,
,,,,
民俗,14065.8,2008.2,13894.9,21
,,,,
,,,,
,,,,
,,,,
,,,,
,,,,
,,,,
,,,,
,,,,
,,,,
,,,,
,,,,
,,,,
,,,,
传统舞蹈,14014.3,2006.3,13468.2,19
,,,,
,,,,
,,,,
,,,,
,,,,
,,,,
,,,,
,,,,
,,,,
,,,,
,,,,
,,,,
,,,,
,,,,
,,,,
,,,,
,,,,
,,,,
,,,,
,,,,
,,,,
,,,,
,,,,
传统戏剧,13931.4,2011.2,13344.7,25
,,,,
,,,,
,,,,
,,,,
,,,,
民俗,13894.9,2008.1,13724,21
,,,,
,,,,
,,,,
,,,,
,,,,
,,,,
,,,,
,,,,
,,,,
,,,,
,,,,
,,,,
,,,,
,,,,
,,,,
,,,,
,,,,
,,,,
,,,,
,,,,
,,,,
,,,,
,,,,
,,,,
,,,,
,,,,
,,,,
,,,,
,,,,
,,,,
,,,,
,,,,
,,,,
,,,,
,,,,
,,,,
,,,,
,,,,
,,,,
,,,,
,,,,
,,,,
,,,,
,,,,
,,,,
,,,,
,,,,
,,,,
民俗,13724,2008,13455.3,22
,,,,
,,,,
,,,,
,,,,
,,,,
,,,,
,,,,
,,,,
,,,,
,,,,
,,,,
,,,,
,,,,
,,,,
,,,,
,,,,
,,,,
,,,,
,,,,
,,,,
,,,,
,,,,
,,,,
,,,,
,,,,
,,,,
,,,,
,,,,
,,,,
,,,,
,,,,
,,,,
,,,,
,,,,
,,,,
,,,,
,,,,
,,,,
,,,,
,,,,
,,,,
,,,,
,,,,
,,,,
,,,,
,,,,
,,,,
,,,,
,,,,
,,,,
,,,,
,,,,
,,,,
,,,,
,,,,
,,,,
,,,,
,,,,
,,,,
,,,,
,,,,
,,,,
,,,,
,,,,
,,,,
,,,,
,,,,
,,,,
,,,,
,,,,
,,,,
传统舞蹈,13468.2,2006.2,12922.1,19
,,,,
,,,,
,,,,
,,,,
,,,,
民俗,13455.3,2007.9,13186.6,22
,,,,
,,,,
,,,,
,,,,
,,,,
,,,,
,,,,
,,,,
,,,,
,,,,
,,,,
,,,,
,,,,
,,,,
,,,,
,,,,
,,,,
,,,,
,,,,
,,,,
,,,,
,,,,
,,,,
,,,,
,,,,
,,,,
,,,,
,,,,
,,,,
,,,,
,,,,
,,,,
,,,,
,,,,
,,,,
,,,,
,,,,
,,,,
传统戏剧,13344.7,2011.1,12758,25
,,,,
,,,,
,,,,
,,,,
,,,,
,,,,
,,,,
,,,,
,,,,
,,,,
,,,,
,,,,
,,,,
,,,,
,,,,
,,,,
,,,,
,,,,
,,,,
,,,,
,,,,
,,,,
,,,,
,,,,
,,,,
,,,,
,,,,
,,,,
,,,,
,,,,
,,,,
,,,,
,,,,
,,,,
,,,,
,,,,
,,,,
,,,,
,,,,
,,,,
,,,,
,,,,
,,,,
,,,,
,,,,
,,,,
,,,,
,,,,
,,,,
,,,,
,,,,
,,,,
,,,,
,,,,
,,,,
,,,,
,,,,
,,,,
,,,,
,,,,
,,,,
,,,,
,,,,
,,,,
,,,,
,,,,
,,,,
,,,,
民俗,13186.6,2007.8,12917.9,23
,,,,
,,,,
,,,,
,,,,
,,,,
,,,,
,,,,
,,,,
,,,,
,,,,
,,,,
,,,,
,,,,
,,,,
,,,,
,,,,
,,,,
,,,,
,,,,
,,,,
,,,,
,,,,
,,,,
,,,,
,,,,
,,,,
,,,,
,,,,
,,,,
,,,,
,,,,
,,,,
,,,,
,,,,
,,,,
,,,,
,,,,
,,,,
,,,,
,,,,
,,,,
,,,,
,,,,
,,,,
,,,,
,,,,
,,,,
,,,,
,,,,
,,,,
,,,,
,,,,
,,,,
,,,,
,,,,
,,,,
,,,,
,,,,
,,,,
,,,,
,,,,
,,,,
,,,,
,,,,
,,,,
,,,,
,,,,
,,,,
,,,,
,,,,
,,,,
,,,,
,,,,
,,,,
,,,,
,,,,
,,,,
,,,,
,,,,
,,,,
,,,,
,,,,
,,,,
,,,,
,,,,
,,,,
,,,,
,,,,
,,,,
,,,,
,,,,
,,,,
,,,,
,,,,
,,,,
,,,,
,,,,
,,,,
,,,,
,,,,
,,,,
,,,,
,,,,
,,,,
,,,,
,,,,
,,,,
,,,,
,,,,
,,,,
,,,,
,,,,
,,,,
,,,,
,,,,
,,,,
,,,,
,,,,
,,,,
,,,,
,,,,
,,,,
,,,,
,,,,
,,,,
,,,,
,,,,
,,,,
,,,,
,,,,
,,,,
,,,,
,,,,
,,,,
传统舞蹈,12922.1,2006.1,12376,19
,,,,
民俗,12917.9,2007.7,12649.2,25
,,,,
,,,,
,,,,
,,,,
,,,,
,,,,
,,,,
,,,,
,,,,
,,,,
,,,,
,,,,
,,,,
,,,,
,,,,
,,,,
,,,,
,,,,
,,,,
,,,,
,,,,
,,,,
,,,,
,,,,
,,,,
,,,,
,,,,
,,,,
,,,,
,,,,
,,,,
,,,,
,,,,
,,,,
,,,,
,,,,
,,,,
,,,,
,,,,
,,,,
,,,,
,,,,
,,,,
,,,,
,,,,
,,,,
,,,,
,,,,
,,,,
,,,,
,,,,
,,,,
,,,,
,,,,
,,,,
,,,,
,,,,
,,,,
,,,,
,,,,
传统戏剧,12758,2011,12448.7,25
,,,,
,,,,
,,,,
,,,,
,,,,
,,,,
,,,,
,,,,
,,,,
,,,,
,,,,
,,,,
,,,,
,,,,
,,,,
,,,,
,,,,
,,,,
,,,,
,,,,
,,,,
,,,,
,,,,
,,,,
,,,,
,,,,
,,,,
,,,,
,,,,
,,,,
,,,,
,,,,
,,,,
,,,,
,,,,
,,,,
,,,,
,,,,
,,,,
,,,,
民俗,12649.2,2007.6,12380.5,25
,,,,
,,,,
,,,,
,,,,
,,,,
,,,,
,,,,
,,,,
,,,,
,,,,
,,,,
,,,,
,,,,
,,,,
,,,,
,,,,
,,,,
,,,,
,,,,
,,,,
,,,,
,,,,
,,,,
,,,,
,,,,
,,,,
,,,,
,,,,
,,,,
,,,,
,,,,
,,,,
,,,,
,,,,
,,,,
,,,,
,,,,
,,,,
,,,,
,,,,
,,,,
,,,,
,,,,
,,,,
,,,,
,,,,
,,,,
,,,,
,,,,
,,,,
,,,,
,,,,
,,,,
,,,,
,,,,
,,,,
,,,,
,,,,
,,,,
,,,,
,,,,
,,,,
,,,,
,,,,
,,,,
,,,,
,,,,
,,,,
,,,,
,,,,
,,,,
,,,,
,,,,
,,,,
,,,,
,,,,
,,,,
,,,,
,,,,
,,,,
,,,,
,,,,
传统戏剧,12448.7,2010.9,12139.4,26
,,,,
,,,,
,,,,
,,,,
,,,,
,,,,
,,,,
,,,,
,,,,
,,,,
,,,,
,,,,
,,,,
,,,,
,,,,
,,,,
,,,,
,,,,
,,,,
,,,,
,,,,
,,,,
,,,,
,,,,
,,,,
,,,,
,,,,
,,,,
,,,,
,,,,
,,,,
,,,,
,,,,
,,,,
,,,,
,,,,
,,,,
,,,,
民俗,12380.5,2007.5,12111.8,25
,,,,
传统舞蹈,12376,2006,11984.5,21
,,,,
,,,,
,,,,
,,,,
,,,,
,,,,
,,,,
,,,,
,,,,
,,,,
,,,,
,,,,
,,,,
,,,,
,,,,
,,,,
,,,,
,,,,
,,,,
,,,,
,,,,
,,,,
,,,,
,,,,
,,,,
,,,,
,,,,
,,,,
,,,,
,,,,
,,,,
,,,,
,,,,
,,,,
,,,,
,,,,
,,,,
,,,,
,,,,
,,,,
,,,,
,,,,
,,,,
,,,,
,,,,
,,,,
,,,,
,,,,
,,,,
,,,,
,,,,
,,,,
,,,,
,,,,
,,,,
,,,,
,,,,
,,,,
,,,,
,,,,
,,,,
,,,,
,,,,
,,,,
,,,,
,,,,
,,,,
,,,,
,,,,
,,,,
,,,,
,,,,
,,,,
,,,,
,,,,
,,,,
,,,,
,,,,
,,,,
,,,,
,,,,
,,,,
,,,,
,,,,
,,,,
,,,,
,,,,
,,,,
,,,,
,,,,
,,,,
,,,,
,,,,
,,,,
,,,,
,,,,
,,,,
,,,,
,,,,
,,,,
,,,,
,,,,
,,,,
,,,,
,,,,
,,,,
,,,,
,,,,
,,,,
,,,,
,,,,
,,,,
,,,,
,,,,
,,,,
,,,,
,,,,
,,,,
,,,,
,,,,
,,,,
,,,,
,,,,
,,,,
,,,,
,,,,
,,,,
,,,,
,,,,
,,,,
,,,,
,,,,
,,,,
,,,,
,,,,
,,,,
,,,,
,,,,
,,,,
,,,,
,,,,
,,,,
,,,,
,,,,
,,,,
传统戏剧,12139.4,2010.8,11830.1,29
,,,,
,,,,
,,,,
,,,,
,,,,
,,,,
,,,,
,,,,
,,,,
,,,,
,,,,
,,,,
,,,,
,,,,
,,,,
,,,,
,,,,
,,,,
民俗,12111.8,2007.4,11843.1,27
,,,,
,,,,
,,,,
,,,,
,,,,
,,,,
,,,,
,,,,
,,,,
,,,,
,,,,
,,,,
,,,,
,,,,
,,,,
,,,,
,,,,
,,,,
,,,,
,,,,
,,,,
,,,,
,,,,
,,,,
,,,,
,,,,
,,,,
,,,,
,,,,
,,,,
,,,,
,,,,
,,,,
,,,,
,,,,
,,,,
,,,,
,,,,
,,,,
,,,,
,,,,
,,,,
,,,,
,,,,
,,,,
,,,,
,,,,
,,,,
,,,,
,,,,
,,,,
,,,,
,,,,
,,,,
,,,,
,,,,
,,,,
,,,,
,,,,
,,,,
,,,,
,,,,
,,,,
,,,,
,,,,
,,,,
,,,,
,,,,
,,,,
,,,,
,,,,
,,,,
,,,,
,,,,
,,,,
,,,,
,,,,
,,,,
,,,,
,,,,
,,,,
,,,,
,,,,
传统舞蹈,11984.5,2005.9,11593,21
,,,,
,,,,
,,,,
,,,,
,,,,
,,,,
,,,,
,,,,
,,,,
,,,,
,,,,
,,,,
,,,,
,,,,
,,,,
,,,,
,,,,
,,,,
,,,,
,,,,
,,,,
,,,,
,,,,
,,,,
,,,,
,,,,
,,,,
,,,,
,,,,
,,,,
,,,,
,,,,
,,,,
,,,,
,,,,
,,,,
,,,,
,,,,
,,,,
,,,,
,,,,
,,,,
,,,,
,,,,
,,,,
,,,,
,,,,
,,,,
,,,,
,,,,
,,,,
,,,,
,,,,
,,,,
,,,,
,,,,
,,,,
,,,,
,,,,
,,,,
,,,,
,,,,
,,,,
,,,,
,,,,
,,,,
,,,,
,,,,
,,,,
,,,,
,,,,
,,,,
,,,,
,,,,
,,,,
,,,,
,,,,
,,,,
,,,,
,,,,
,,,,
,,,,
,,,,
,,,,
,,,,
,,,,
,,,,
,,,,
,,,,
,,,,
,,,,
,,,,
,,,,
,,,,
,,,,
,,,,
民俗,11843.1,2007.3,11574.4,27
,,,,
,,,,
,,,,
,,,,
,,,,
,,,,
,,,,
,,,,
传统戏剧,11830.1,2010.7,11520.8,30
,,,,
,,,,
,,,,
,,,,
,,,,
,,,,
,,,,
,,,,
,,,,
,,,,
,,,,
,,,,
,,,,
,,,,
,,,,
,,,,
,,,,
,,,,
,,,,
,,,,
,,,,
,,,,
,,,,
,,,,
,,,,
,,,,
,,,,
,,,,
,,,,
,,,,
,,,,
,,,,
,,,,
,,,,
,,,,
,,,,
,,,,
,,,,
,,,,
,,,,
,,,,
,,,,
,,,,
,,,,
,,,,
,,,,
,,,,
,,,,
,,,,
,,,,
,,,,
,,,,
,,,,
,,,,
,,,,
,,,,
,,,,
,,,,
,,,,
,,,,
,,,,
,,,,
,,,,
,,,,
,,,,
,,,,
,,,,
,,,,
,,,,
,,,,
,,,,
,,,,
,,,,
,,,,
,,,,
,,,,
,,,,
,,,,
,,,,
,,,,
,,,,
,,,,
,,,,
,,,,
,,,,
,,,,
,,,,
,,,,
,,,,
,,,,
,,,,
,,,,
,,,,
,,,,
,,,,
,,,,
,,,,
,,,,
,,,,
,,,,
,,,,
,,,,
,,,,
,,,,
,,,,
,,,,
,,,,
,,,,
,,,,
,,,,
,,,,
,,,,
,,,,
,,,,
,,,,
,,,,
,,,,
,,,,
,,,,
,,,,
,,,,
,,,,
,,,,
,,,,
,,,,
,,,,
,,,,
,,,,
,,,,
,,,,
,,,,
,,,,
,,,,
,,,,
,,,,
,,,,
,,,,
,,,,
,,,,
,,,,
,,,,
,,,,
,,,,
,,,,
,,,,
,,,,
,,,,
,,,,
,,,,
,,,,
,,,,
,,,,
,,,,
,,,,
传统舞蹈,11593,2005.8,11201.5,22
,,,,
,,,,
,,,,
,,,,
,,,,
,,,,
,,,,
,,,,
,,,,
,,,,
,,,,
,,,,
,,,,
民俗,11574.4,2007.2,11305.7,28
,,,,
,,,,
,,,,
,,,,
,,,,
,,,,
,,,,
,,,,
,,,,
,,,,
,,,,
,,,,
,,,,
,,,,
,,,,
,,,,
,,,,
,,,,
,,,,
,,,,
,,,,
,,,,
,,,,
,,,,
,,,,
,,,,
,,,,
,,,,
,,,,
传统戏剧,11520.8,2010.6,11211.5,32
,,,,
,,,,
,,,,
,,,,
,,,,
,,,,
,,,,
,,,,
,,,,
,,,,
,,,,
,,,,
,,,,
,,,,
,,,,
,,,,
,,,,
,,,,
,,,,
,,,,
,,,,
,,,,
,,,,
,,,,
,,,,
,,,,
,,,,
,,,,
,,,,
,,,,
,,,,
,,,,
,,,,
,,,,
,,,,
,,,,
,,,,
,,,,
,,,,
,,,,
,,,,
,,,,
,,,,
,,,,
,,,,
,,,,
,,,,
,,,,
,,,,
,,,,
,,,,
,,,,
,,,,
,,,,
,,,,
,,,,
,,,,
,,,,
,,,,
,,,,
,,,,
,,,,
,,,,
,,,,
,,,,
,,,,
,,,,
,,,,
,,,,
,,,,
,,,,
,,,,
,,,,
,,,,
,,,,
,,,,
,,,,
,,,,
,,,,
,,,,
,,,,
,,,,
,,,,
,,,,
,,,,
,,,,
,,,,
,,,,
,,,,
,,,,
,,,,
,,,,
,,,,
,,,,
,,,,
,,,,
,,,,
,,,,
,,,,
,,,,
,,,,
,,,,
,,,,
,,,,
,,,,
,,,,
,,,,
,,,,
,,,,
,,,,
,,,,
,,,,
,,,,
,,,,
,,,,
,,,,
,,,,
,,,,
,,,,
,,,,
,,,,
,,,,
,,,,
,,,,
,,,,
,,,,
,,,,
,,,,
,,,,
,,,,
,,,,
,,,,
,,,,
,,,,
,,,,
,,,,
,,,,
,,,,
,,,,
民俗,11305.7,2007.1,11037,29
,,,,
,,,,
,,,,
,,,,
,,,,
,,,,
,,,,
,,,,
,,,,
,,,,
,,,,
,,,,
,,,,
,,,,
,,,,
,,,,
,,,,
,,,,
,,,,
,,,,
,,,,
,,,,
,,,,
,,,,
,,,,
,,,,
,,,,
,,,,
,,,,
,,,,
,,,,
,,,,
,,,,
,,,,
,,,,
,,,,
,,,,
,,,,
,,,,
,,,,
,,,,
,,,,
,,,,
,,,,
传统戏剧,11211.5,2010.5,10902.2,32
,,,,
,,,,
,,,,
,,,,
,,,,
,,,,
,,,,
,,,,
,,,,
传统舞蹈,11201.5,2005.7,10810,26
,,,,
,,,,
,,,,
,,,,
,,,,
,,,,
,,,,
,,,,
,,,,
,,,,
,,,,
,,,,
,,,,
,,,,
,,,,
,,,,
,,,,
,,,,
,,,,
,,,,
,,,,
,,,,
,,,,
,,,,
,,,,
,,,,
,,,,
,,,,
,,,,
,,,,
,,,,
,,,,
,,,,
,,,,
,,,,
,,,,
,,,,
,,,,
,,,,
,,,,
,,,,
,,,,
,,,,
,,,,
,,,,
,,,,
,,,,
,,,,
,,,,
,,,,
,,,,
,,,,
,,,,
,,,,
,,,,
,,,,
,,,,
,,,,
,,,,
,,,,
,,,,
,,,,
,,,,
,,,,
,,,,
,,,,
,,,,
,,,,
,,,,
,,,,
,,,,
,,,,
,,,,
,,,,
,,,,
,,,,
,,,,
,,,,
,,,,
,,,,
,,,,
,,,,
,,,,
,,,,
,,,,
,,,,
,,,,
,,,,
,,,,
,,,,
,,,,
,,,,
,,,,
,,,,
,,,,
,,,,
,,,,
民俗,11037,2007,10846.3,29
,,,,
,,,,
,,,,
,,,,
,,,,
,,,,
,,,,
,,,,
,,,,
,,,,
,,,,
,,,,
,,,,
,,,,
,,,,
,,,,
,,,,
,,,,
,,,,
,,,,
,,,,
,,,,
,,,,
,,,,
,,,,
,,,,
,,,,
,,,,
,,,,
,,,,
,,,,
,,,,
,,,,
,,,,
,,,,
,,,,
,,,,
,,,,
,,,,
,,,,
,,,,
,,,,
,,,,
,,,,
,,,,
,,,,
,,,,
,,,,
,,,,
,,,,
,,,,
,,,,
,,,,
,,,,
,,,,
,,,,
,,,,
,,,,
,,,,
,,,,
,,,,
,,,,
,,,,
,,,,
,,,,
,,,,
,,,,
,,,,
,,,,
,,,,
,,,,
,,,,
,,,,
,,,,
,,,,
,,,,
,,,,
,,,,
传统戏剧,10902.2,2010.4,10592.9,33
,,,,
,,,,
,,,,
,,,,
,,,,
,,,,
,,,,
,,,,
,,,,
,,,,
,,,,
,,,,
,,,,
,,,,
,,,,
,,,,
,,,,
,,,,
,,,,
,,,,
,,,,
,,,,
,,,,
,,,,
,,,,
,,,,
,,,,
,,,,
,,,,
,,,,
,,,,
,,,,
,,,,
民俗,10846.3,2006.9,10655.6,29
,,,,
,,,,
,,,,
,,,,
,,,,
,,,,
,,,,
,,,,
,,,,
,,,,
,,,,
,,,,
,,,,
,,,,
,,,,
,,,,
,,,,
,,,,
,,,,
,,,,
,,,,
,,,,
,,,,
,,,,
,,,,
,,,,
传统舞蹈,10810,2005.6,10418.5,26
,,,,
,,,,
,,,,
,,,,
,,,,
,,,,
,,,,
,,,,
,,,,
,,,,
,,,,
,,,,
,,,,
,,,,
,,,,
,,,,
,,,,
,,,,
,,,,
,,,,
,,,,
,,,,
,,,,
,,,,
,,,,
,,,,
,,,,
,,,,
,,,,
,,,,
,,,,
,,,,
,,,,
,,,,
,,,,
,,,,
,,,,
,,,,
,,,,
,,,,
,,,,
,,,,
,,,,
,,,,
,,,,
,,,,
,,,,
,,,,
,,,,
,,,,
,,,,
,,,,
,,,,
,,,,
,,,,
,,,,
,,,,
,,,,
,,,,
,,,,
,,,,
,,,,
,,,,
,,,,
,,,,
,,,,
,,,,
,,,,
,,,,
,,,,
,,,,
,,,,
,,,,
,,,,
,,,,
,,,,
,,,,
,,,,
,,,,
,,,,
,,,,
,,,,
,,,,
,,,,
,,,,
,,,,
,,,,
,,,,
,,,,
,,,,
,,,,
,,,,
,,,,
,,,,
,,,,
民俗,10655.6,2006.8,10464.9,30
,,,,
,,,,
,,,,
,,,,
,,,,
,,,,
,,,,
,,,,
,,,,
,,,,
,,,,
,,,,
,,,,
,,,,
,,,,
,,,,
,,,,
,,,,
,,,,
,,,,
,,,,
,,,,
,,,,
,,,,
,,,,
,,,,
传统戏剧,10592.9,2010.3,10283.6,34
,,,,
,,,,
,,,,
,,,,
,,,,
,,,,
,,,,
,,,,
,,,,
,,,,
,,,,
,,,,
,,,,
,,,,
,,,,
,,,,
,,,,
,,,,
,,,,
,,,,
,,,,
,,,,
,,,,
,,,,
,,,,
,,,,
,,,,
,,,,
,,,,
,,,,
,,,,
,,,,
,,,,
,,,,
,,,,
,,,,
,,,,
,,,,
,,,,
,,,,
,,,,
,,,,
,,,,
,,,,
,,,,
,,,,
,,,,
,,,,
,,,,
,,,,
,,,,
,,,,
,,,,
,,,,
,,,,
,,,,
,,,,
,,,,
,,,,
,,,,
,,,,
,,,,
,,,,
,,,,
民俗,10464.9,2006.7,10274.2,30
,,,,
,,,,
,,,,
,,,,
,,,,
,,,,
,,,,
,,,,
,,,,
,,,,
,,,,
,,,,
,,,,
,,,,
,,,,
,,,,
,,,,
,,,,
,,,,
,,,,
传统舞蹈,10418.5,2005.5,10027,27
,,,,
,,,,
,,,,
,,,,
,,,,
,,,,
,,,,
,,,,
,,,,
,,,,
,,,,
,,,,
,,,,
,,,,
,,,,
,,,,
,,,,
,,,,
,,,,
,,,,
,,,,
,,,,
,,,,
,,,,
,,,,
,,,,
,,,,
,,,,
,,,,
,,,,
,,,,
,,,,
,,,,
,,,,
,,,,
,,,,
,,,,
,,,,
,,,,
,,,,
,,,,
,,,,
,,,,
,,,,
,,,,
,,,,
,,,,
,,,,
,,,,
,,,,
,,,,
,,,,
,,,,
,,,,
,,,,
,,,,
,,,,
,,,,
,,,,
,,,,
,,,,
传统戏剧,10283.6,2010.2,9974.3,34
,,,,
,,,,
,,,,
,,,,
民俗,10274.2,2006.6,10083.5,31
,,,,
,,,,
,,,,
,,,,
,,,,
,,,,
,,,,
,,,,
,,,,
,,,,
,,,,
,,,,
,,,,
,,,,
,,,,
,,,,
,,,,
,,,,
,,,,
,,,,
,,,,
,,,,
,,,,
,,,,
,,,,
,,,,
,,,,
,,,,
,,,,
,,,,
,,,,
,,,,
,,,,
,,,,
,,,,
,,,,
,,,,
,,,,
,,,,
,,,,
,,,,
,,,,
,,,,
,,,,
,,,,
,,,,
,,,,
,,,,
,,,,
,,,,
,,,,
,,,,
,,,,
,,,,
,,,,
,,,,
,,,,
,,,,
,,,,
,,,,
,,,,
,,,,
,,,,
,,,,
,,,,
,,,,
,,,,
,,,,
,,,,
,,,,
,,,,
,,,,
,,,,
,,,,
,,,,
,,,,
,,,,
,,,,
,,,,
,,,,
,,,,
,,,,
,,,,
,,,,
,,,,
,,,,
,,,,
,,,,
,,,,
,,,,
,,,,
,,,,
,,,,
,,,,
,,,,
,,,,
,,,,
,,,,
民俗,10083.5,2006.5,9892.8,32
,,,,
,,,,
,,,,
,,,,
,,,,
,,,,
,,,,
,,,,
,,,,
,,,,
,,,,
,,,,
,,,,
,,,,
,,,,
,,,,
,,,,
,,,,
,,,,
,,,,
,,,,
,,,,
,,,,
,,,,
,,,,
,,,,
,,,,
,,,,
,,,,
,,,,
,,,,
,,,,
传统舞蹈,10027,2005.4,9635.5,28
,,,,
,,,,
,,,,
,,,,
,,,,
,,,,
,,,,
,,,,
,,,,
,,,,
,,,,
,,,,
,,,,
,,,,
,,,,
,,,,
,,,,
,,,,
,,,,
,,,,
,,,,
,,,,
,,,,
,,,,
,,,,
,,,,
,,,,
,,,,
,,,,
,,,,
传统戏剧,9974.3,2010.1,9665,34
,,,,
,,,,
,,,,
,,,,
,,,,
,,,,
,,,,
,,,,
,,,,
,,,,
,,,,
,,,,
,,,,
,,,,
,,,,
,,,,
,,,,
,,,,
,,,,
,,,,
,,,,
,,,,
,,,,
,,,,
,,,,
,,,,
,,,,
,,,,
,,,,
,,,,
,,,,
,,,,
,,,,
,,,,
,,,,
,,,,
,,,,
,,,,
,,,,
,,,,
民俗,9892.8,2006.4,9702.1,34
,,,,
,,,,
,,,,
,,,,
,,,,
,,,,
,,,,
,,,,
,,,,
,,,,
,,,,
,,,,
,,,,
,,,,
,,,,
,,,,
,,,,
,,,,
,,,,
,,,,
,,,,
,,,,
,,,,
,,,,
,,,,
,,,,
,,,,
,,,,
,,,,
,,,,
,,,,
,,,,
,,,,
,,,,
,,,,
,,,,
,,,,
,,,,
,,,,
,,,,
,,,,
,,,,
,,,,
,,,,
,,,,
,,,,
,,,,
,,,,
,,,,
,,,,
,,,,
,,,,
,,,,
,,,,
,,,,
,,,,
,,,,
,,,,
,,,,
,,,,
,,,,
,,,,
,,,,
,,,,
,,,,
,,,,
,,,,
,,,,
,,,,
,,,,
,,,,
,,,,
,,,,
,,,,
,,,,
,,,,
,,,,
,,,,
,,,,
,,,,
,,,,
,,,,
,,,,
,,,,
,,,,
,,,,
,,,,
,,,,
,,,,
,,,,
,,,,
,,,,
,,,,
,,,,
,,,,
,,,,
,,,,
,,,,
,,,,
,,,,
民俗,9702.1,2006.3,9511.4,34
,,,,
,,,,
,,,,
,,,,
,,,,
,,,,
,,,,
,,,,
,,,,
,,,,
,,,,
,,,,
,,,,
,,,,
,,,,
,,,,
,,,,
,,,,
,,,,
,,,,
传统戏剧,9665,2010,9484.3,34
,,,,
,,,,
,,,,
,,,,
,,,,
,,,,
,,,,
,,,,
,,,,
,,,,
,,,,
,,,,
,,,,
传统舞蹈,9635.5,2005.3,9244,30
,,,,
,,,,
,,,,
,,,,
,,,,
,,,,
,,,,
,,,,
,,,,
,,,,
,,,,
,,,,
,,,,
,,,,
,,,,
,,,,
,,,,
,,,,
,,,,
,,,,
,,,,
,,,,
,,,,
,,,,
,,,,
,,,,
,,,,
,,,,
,,,,
,,,,
,,,,
,,,,
,,,,
,,,,
,,,,
,,,,
,,,,
,,,,
,,,,
,,,,
,,,,
,,,,
,,,,
,,,,
,,,,
,,,,
,,,,
,,,,
,,,,
,,,,
,,,,
,,,,
,,,,
,,,,
,,,,
,,,,
,,,,
,,,,
,,,,
,,,,
,,,,
,,,,
,,,,
,,,,
,,,,
,,,,
,,,,
,,,,
,,,,
,,,,
民俗,9511.4,2006.2,9320.7,34
,,,,
,,,,
,,,,
,,,,
,,,,
,,,,
,,,,
,,,,
,,,,
,,,,
,,,,
传统戏剧,9484.3,2009.9,9303.6,34
,,,,
,,,,
,,,,
,,,,
,,,,
,,,,
,,,,
,,,,
,,,,
,,,,
,,,,
,,,,
,,,,
,,,,
,,,,
,,,,
,,,,
,,,,
,,,,
,,,,
,,,,
,,,,
,,,,
,,,,
,,,,
,,,,
,,,,
,,,,
,,,,
,,,,
,,,,
,,,,
,,,,
,,,,
,,,,
,,,,
,,,,
,,,,
,,,,
,,,,
,,,,
,,,,
,,,,
,,,,
,,,,
,,,,
,,,,
,,,,
,,,,
,,,,
,,,,
,,,,
,,,,
,,,,
,,,,
,,,,
,,,,
,,,,
,,,,
,,,,
,,,,
,,,,
,,,,
,,,,
,,,,
,,,,
,,,,
,,,,
,,,,
,,,,
,,,,
,,,,
,,,,
,,,,
,,,,
,,,,
,,,,
,,,,
,,,,
,,,,
,,,,
,,,,
,,,,
,,,,
,,,,
,,,,
,,,,
,,,,
,,,,
,,,,
,,,,
,,,,
,,,,
,,,,
民俗,9320.7,2006.1,9130,34
,,,,
,,,,
,,,,
,,,,
,,,,
,,,,
,,,,
,,,,
传统戏剧,9303.6,2009.8,9122.9,35
,,,,
,,,,
,,,,
,,,,
,,,,
,,,,
,,,,
,,,,
,,,,
,,,,
,,,,
,,,,
,,,,
,,,,
,,,,
,,,,
,,,,
,,,,
,,,,
,,,,
,,,,
,,,,
,,,,
,,,,
,,,,
,,,,
,,,,
,,,,
,,,,
,,,,
,,,,
,,,,
,,,,
传统舞蹈,9244,2005.2,8852.5,30
,,,,
,,,,
,,,,
,,,,
,,,,
,,,,
,,,,
,,,,
,,,,
,,,,
,,,,
,,,,
,,,,
,,,,
,,,,
,,,,
,,,,
,,,,
,,,,
,,,,
,,,,
,,,,
,,,,
,,,,
,,,,
,,,,
,,,,
,,,,
,,,,
,,,,
,,,,
,,,,
,,,,
,,,,
,,,,
,,,,
,,,,
,,,,
,,,,
,,,,
,,,,
,,,,
,,,,
,,,,
,,,,
,,,,
,,,,
,,,,
,,,,
,,,,
,,,,
,,,,
,,,,
,,,,
,,,,
,,,,
,,,,
,,,,
,,,,
,,,,
,,,,
,,,,
民俗,9130,2006,9015.5,34
,,,,
传统戏剧,9122.9,2009.7,8942.2,36
,,,,
,,,,
,,,,
,,,,
,,,,
,,,,
,,,,
,,,,
,,,,
,,,,
,,,,
,,,,
,,,,
,,,,
,,,,
,,,,
,,,,
,,,,
,,,,
,,,,
,,,,
,,,,
,,,,
,,,,
,,,,
,,,,
,,,,
,,,,
,,,,
,,,,
,,,,
,,,,
,,,,
,,,,
,,,,
,,,,
,,,,
,,,,
,,,,
,,,,
,,,,
,,,,
,,,,
,,,,
,,,,
,,,,
,,,,
,,,,
,,,,
,,,,
,,,,
,,,,
,,,,
,,,,
,,,,
,,,,
,,,,
,,,,
,,,,
,,,,
民俗,9015.5,2005.9,8901,34
,,,,
,,,,
,,,,
,,,,
,,,,
,,,,
,,,,
,,,,
,,,,
,,,,
,,,,
,,,,
,,,,
,,,,
,,,,
,,,,
,,,,
,,,,
,,,,
,,,,
,,,,
,,,,
,,,,
,,,,
,,,,
,,,,
,,,,
,,,,
,,,,
,,,,
,,,,
,,,,
,,,,
,,,,
,,,,
,,,,
,,,,
传统戏剧,8942.2,2009.6,8761.5,37
,,,,
,,,,
,,,,
,,,,
,,,,
,,,,
,,,,
,,,,
,,,,
,,,,
,,,,
,,,,
,,,,
,,,,
,,,,
,,,,
,,,,
,,,,
民俗,8901,2005.8,8786.5,34
,,,,
,,,,
,,,,
,,,,
,,,,
,,,,
,,,,
,,,,
,,,,
,,,,
,,,,
,,,,
,,,,
,,,,
,,,,
,,,,
,,,,
,,,,
,,,,
,,,,
,,,,
,,,,
,,,,
,,,,
,,,,
传统舞蹈,8852.5,2005.1,8461,32
,,,,
,,,,
,,,,
,,,,
,,,,
,,,,
,,,,
,,,,
,,,,
,,,,
,,,,
,,,,
,,,,
,,,,
,,,,
,,,,
,,,,
,,,,
,,,,
,,,,
,,,,
,,,,
,,,,
,,,,
,,,,
,,,,
,,,,
,,,,
,,,,
,,,,
,,,,
,,,,
,,,,
,,,,
,,,,
,,,,
,,,,
,,,,
,,,,
,,,,
,,,,
民俗,8786.5,2005.7,8672,34
,,,,
,,,,
,,,,
,,,,
,,,,
,,,,
,,,,
,,,,
,,,,
,,,,
,,,,
,,,,
,,,,
传统戏剧,8761.5,2009.5,8580.8,37
,,,,
,,,,
,,,,
,,,,
,,,,
,,,,
,,,,
,,,,
,,,,
,,,,
,,,,
,,,,
,,,,
,,,,
,,,,
,,,,
,,,,
,,,,
,,,,
,,,,
,,,,
,,,,
,,,,
,,,,
,,,,
,,,,
,,,,
,,,,
,,,,
,,,,
,,,,
,,,,
,,,,
,,,,
,,,,
,,,,
,,,,
,,,,
,,,,
,,,,
,,,,
,,,,
,,,,
,,,,
,,,,
,,,,
,,,,
,,,,
,,,,
,,,,
,,,,
,,,,
,,,,
,,,,
,,,,
,,,,
,,,,
,,,,
,,,,
,,,,
,,,,
,,,,
,,,,
,,,,
,,,,
,,,,
,,,,
,,,,
,,,,
,,,,
,,,,
民俗,8672,2005.6,8557.5,34
,,,,
,,,,
,,,,
,,,,
,,,,
,,,,
,,,,
,,,,
,,,,
,,,,
,,,,
,,,,
,,,,
,,,,
,,,,
,,,,
,,,,
,,,,
,,,,
,,,,
,,,,
,,,,
,,,,
,,,,
,,,,
,,,,
,,,,
,,,,
,,,,
,,,,
,,,,
,,,,
,,,,
,,,,
,,,,
,,,,
,,,,
,,,,
,,,,
,,,,
,,,,
,,,,
,,,,
,,,,
,,,,
,,,,
,,,,
,,,,
,,,,
,,,,
,,,,
,,,,
,,,,
,,,,
,,,,
,,,,
,,,,
,,,,
,,,,
,,,,
,,,,
,,,,
,,,,
,,,,
,,,,
,,,,
,,,,
,,,,
,,,,
,,,,
,,,,
,,,,
传统戏剧,8580.8,2009.4,8400.1,37
,,,,
,,,,
,,,,
,,,,
,,,,
,,,,
,,,,
,,,,
,,,,
,,,,
,,,,
,,,,
,,,,
,,,,
,,,,
,,,,
民俗,8557.5,2005.5,8443,34
,,,,
,,,,
,,,,
,,,,
,,,,
,,,,
,,,,
,,,,
,,,,
,,,,
,,,,
,,,,
,,,,
,,,,
,,,,
,,,,
,,,,
,,,,
,,,,
,,,,
,,,,
,,,,
,,,,
,,,,
,,,,
,,,,
,,,,
,,,,
,,,,
,,,,
,,,,
,,,,
,,,,
,,,,
,,,,
,,,,
,,,,
,,,,
,,,,
,,,,
,,,,
,,,,
,,,,
,,,,
,,,,
,,,,
,,,,
,,,,
,,,,
,,,,
,,,,
,,,,
,,,,
,,,,
,,,,
传统舞蹈,8461,2005,8461,33
,,,,
,,,,
,,,,
,,,,
,,,,
,,,,
,,,,
,,,,
,,,,
,,,,
,,,,
,,,,
,,,,
,,,,
,,,,
,,,,
民俗,8443,2005.4,8328.5,35
,,,,
,,,,
,,,,
,,,,
,,,,
,,,,
,,,,
,,,,
,,,,
,,,,
,,,,
,,,,
,,,,
,,,,
,,,,
,,,,
,,,,
,,,,
,,,,
,,,,
,,,,
,,,,
,,,,
,,,,
,,,,
,,,,
,,,,
,,,,
,,,,
,,,,
,,,,
传统戏剧,8400.1,2009.3,8219.4,37
,,,,
,,,,
,,,,
,,,,
,,,,
,,,,
,,,,
,,,,
,,,,
,,,,
,,,,
,,,,
,,,,
,,,,
,,,,
,,,,
,,,,
,,,,
,,,,
,,,,
,,,,
,,,,
,,,,
,,,,
,,,,
,,,,
,,,,
,,,,
,,,,
,,,,
,,,,
,,,,
,,,,
,,,,
,,,,
,,,,
,,,,
,,,,
,,,,
,,,,
,,,,
,,,,
,,,,
,,,,
,,,,
,,,,
,,,,
,,,,
,,,,
,,,,
,,,,
,,,,
,,,,
,,,,
,,,,
,,,,
,,,,
,,,,
民俗,8328.5,2005.3,8214,35
,,,,
,,,,
,,,,
,,,,
,,,,
,,,,
,,,,
,,,,
,,,,
,,,,
,,,,
,,,,
,,,,
,,,,
,,,,
,,,,
,,,,
,,,,
,,,,
,,,,
,,,,
,,,,
,,,,
,,,,
,,,,
,,,,
,,,,
,,,,
,,,,
,,,,
,,,,
,,,,
,,,,
,,,,
,,,,
,,,,
,,,,
,,,,
,,,,
,,,,
,,,,
,,,,
,,,,
,,,,
,,,,
,,,,
,,,,
,,,,
,,,,
,,,,
,,,,
,,,,
,,,,
,,,,
,,,,
,,,,
,,,,
,,,,
,,,,
,,,,
,,,,
,,,,
,,,,
,,,,
,,,,
,,,,
,,,,
,,,,
,,,,
,,,,
,,,,
,,,,
,,,,
,,,,
,,,,
传统戏剧,8219.4,2009.2,8038.7,38
,,,,
,,,,
,,,,
,,,,
,,,,
民俗,8214,2005.2,8099.5,35
,,,,
,,,,
,,,,
,,,,
,,,,
,,,,
,,,,
,,,,
,,,,
,,,,
,,,,
,,,,
,,,,
,,,,
,,,,
,,,,
,,,,
,,,,
,,,,
,,,,
,,,,
,,,,
,,,,
,,,,
,,,,
,,,,
,,,,
,,,,
,,,,
,,,,
,,,,
,,,,
,,,,
,,,,
,,,,
,,,,
,,,,
,,,,
,,,,
,,,,
,,,,
,,,,
,,,,
,,,,
,,,,
,,,,
,,,,
,,,,
,,,,
,,,,
,,,,
,,,,
,,,,
,,,,
,,,,
,,,,
,,,,
,,,,
,,,,
,,,,
,,,,
,,,,
,,,,
,,,,
,,,,
,,,,
,,,,
,,,,
,,,,
,,,,
,,,,
,,,,
,,,,
,,,,
,,,,
,,,,
,,,,
,,,,
,,,,
,,,,
民俗,8099.5,2005.1,7985,35
,,,,
,,,,
,,,,
,,,,
,,,,
,,,,
,,,,
,,,,
,,,,
,,,,
,,,,
,,,,
,,,,
,,,,
,,,,
,,,,
,,,,
,,,,
,,,,
,,,,
,,,,
,,,,
,,,,
,,,,
,,,,
,,,,
,,,,
,,,,
,,,,
,,,,
传统戏剧,8038.7,2009.1,7858,39
,,,,
,,,,
,,,,
,,,,
,,,,
,,,,
,,,,
,,,,
,,,,
,,,,
,,,,
,,,,
,,,,
,,,,
,,,,
,,,,
,,,,
,,,,
,,,,
,,,,
,,,,
,,,,
,,,,
,,,,
,,,,
,,,,
,,,,
,,,,
,,,,
,,,,
,,,,
,,,,
,,,,
,,,,
,,,,
民俗,7985,2005,7873.6,35
,,,,
,,,,
,,,,
,,,,
,,,,
,,,,
,,,,
,,,,
,,,,
,,,,
,,,,
,,,,
,,,,
,,,,
,,,,
,,,,
,,,,
,,,,
,,,,
,,,,
,,,,
,,,,
,,,,
,,,,
,,,,
,,,,
,,,,
,,,,
,,,,
,,,,
,,,,
,,,,
,,,,
,,,,
,,,,
,,,,
,,,,
,,,,
,,,,
,,,,
,,,,
,,,,
,,,,
,,,,
,,,,
,,,,
,,,,
,,,,
,,,,
,,,,
,,,,
,,,,
,,,,
,,,,
,,,,
,,,,
,,,,
,,,,
,,,,
,,,,
,,,,
,,,,
,,,,
,,,,
,,,,
,,,,
,,,,
,,,,
,,,,
,,,,
,,,,
,,,,
,,,,
,,,,
,,,,
,,,,
,,,,
,,,,
,,,,
,,,,
,,,,
,,,,
,,,,
,,,,
,,,,
,,,,
民俗,7873.6,2004.9,7762.2,33
,,,,
,,,,
,,,,
,,,,
,,,,
,,,,
,,,,
,,,,
,,,,
,,,,
,,,,
,,,,
,,,,
传统戏剧,7858,2009,7715.6,39
,,,,
,,,,
,,,,
,,,,
,,,,
,,,,
,,,,
,,,,
,,,,
,,,,
,,,,
,,,,
,,,,
,,,,
,,,,
,,,,
,,,,
,,,,
,,,,
,,,,
,,,,
,,,,
,,,,
,,,,
,,,,
,,,,
,,,,
,,,,
,,,,
,,,,
,,,,
,,,,
,,,,
,,,,
,,,,
,,,,
,,,,
,,,,
,,,,
,,,,
,,,,
,,,,
,,,,
,,,,
,,,,
,,,,
,,,,
,,,,
,,,,
,,,,
,,,,
,,,,
,,,,
,,,,
,,,,
,,,,
,,,,
,,,,
,,,,
,,,,
,,,,
,,,,
,,,,
,,,,
,,,,
,,,,
,,,,
,,,,
,,,,
,,,,
,,,,
,,,,
,,,,
,,,,
,,,,
,,,,
,,,,
,,,,
,,,,
,,,,
,,,,
,,,,
,,,,
,,,,
,,,,
,,,,
,,,,
,,,,
,,,,
,,,,
,,,,
,,,,
,,,,
,,,,
,,,,
,,,,
,,,,
,,,,
,,,,
,,,,
,,,,
,,,,
,,,,
,,,,
,,,,
,,,,
民俗,7762.2,2004.8,7650.8,33
,,,,
,,,,
,,,,
,,,,
,,,,
,,,,
,,,,
,,,,
,,,,
,,,,
,,,,
,,,,
,,,,
,,,,
,,,,
,,,,
,,,,
,,,,
,,,,
,,,,
,,,,
,,,,
,,,,
,,,,
,,,,
,,,,
,,,,
,,,,
,,,,
,,,,
,,,,
,,,,
,,,,
,,,,
,,,,
,,,,
,,,,
,,,,
,,,,
,,,,
,,,,
,,,,
,,,,
,,,,
,,,,
,,,,
,,,,
,,,,
,,,,
,,,,
,,,,
,,,,
,,,,
,,,,
,,,,
,,,,
,,,,
,,,,
,,,,
,,,,
,,,,
,,,,
,,,,
,,,,
传统戏剧,7715.6,2008.9,7573.2,41
,,,,
,,,,
,,,,
,,,,
,,,,
,,,,
,,,,
,,,,
,,,,
,,,,
,,,,
,,,,
,,,,
,,,,
,,,,
,,,,
,,,,
,,,,
,,,,
,,,,
,,,,
,,,,
,,,,
,,,,
,,,,
,,,,
,,,,
,,,,
,,,,
,,,,
,,,,
,,,,
,,,,
,,,,
,,,,
,,,,
,,,,
,,,,
,,,,
,,,,
,,,,
,,,,
,,,,
,,,,
,,,,
,,,,
,,,,
,,,,
,,,,
,,,,
,,,,
,,,,
,,,,
,,,,
,,,,
,,,,
,,,,
,,,,
,,,,
,,,,
,,,,
,,,,
,,,,
,,,,
,,,,
民俗,7650.8,2004.7,7539.4,33
,,,,
,,,,
,,,,
,,,,
,,,,
,,,,
,,,,
,,,,
,,,,
,,,,
,,,,
,,,,
,,,,
,,,,
,,,,
,,,,
,,,,
,,,,
,,,,
,,,,
,,,,
,,,,
,,,,
,,,,
,,,,
,,,,
,,,,
,,,,
,,,,
,,,,
,,,,
,,,,
,,,,
,,,,
,,,,
,,,,
,,,,
,,,,
,,,,
,,,,
,,,,
,,,,
,,,,
,,,,
,,,,
,,,,
,,,,
,,,,
,,,,
,,,,
,,,,
,,,,
,,,,
,,,,
,,,,
,,,,
,,,,
,,,,
,,,,
,,,,
,,,,
,,,,
,,,,
,,,,
,,,,
,,,,
,,,,
,,,,
,,,,
,,,,
,,,,
,,,,
,,,,
,,,,
,,,,
,,,,
,,,,
,,,,
,,,,
,,,,
,,,,
,,,,
,,,,
,,,,
传统戏剧,7573.2,2008.8,7430.8,41
,,,,
,,,,
,,,,
,,,,
,,,,
,,,,
,,,,
,,,,
,,,,
,,,,
,,,,
,,,,
,,,,
,,,,
,,,,
,,,,
,,,,
,,,,
,,,,
,,,,
,,,,
,,,,
,,,,
,,,,
,,,,
,,,,
,,,,
,,,,
,,,,
,,,,
,,,,
民俗,7539.4,2004.6,7428,34
,,,,
,,,,
,,,,
,,,,
,,,,
,,,,
,,,,
,,,,
,,,,
,,,,
,,,,
,,,,
,,,,
,,,,
,,,,
,,,,
,,,,
,,,,
,,,,
,,,,
,,,,
,,,,
,,,,
,,,,
,,,,
,,,,
,,,,
,,,,
,,,,
,,,,
,,,,
,,,,
,,,,
,,,,
,,,,
,,,,
,,,,
,,,,
,,,,
,,,,
,,,,
,,,,
,,,,
,,,,
,,,,
,,,,
,,,,
,,,,
,,,,
,,,,
,,,,
,,,,
,,,,
,,,,
,,,,
,,,,
,,,,
,,,,
,,,,
,,,,
,,,,
,,,,
,,,,
,,,,
,,,,
,,,,
,,,,
,,,,
,,,,
,,,,
,,,,
,,,,
,,,,
,,,,
,,,,
,,,,
,,,,
,,,,
,,,,
,,,,
,,,,
,,,,
,,,,
,,,,
,,,,
,,,,
,,,,
,,,,
,,,,
,,,,
,,,,
,,,,
,,,,
,,,,
,,,,
,,,,
,,,,
传统戏剧,7430.8,2008.7,7288.4,43
民俗,7428,2004.5,7316.6,35
,,,,
,,,,
,,,,
,,,,
,,,,
,,,,
,,,,
,,,,
,,,,
,,,,
,,,,
,,,,
,,,,
,,,,
,,,,
,,,,
,,,,
,,,,
,,,,
,,,,
,,,,
,,,,
,,,,
,,,,
,,,,
,,,,
,,,,
,,,,
,,,,
,,,,
,,,,
,,,,
,,,,
,,,,
,,,,
,,,,
,,,,
,,,,
,,,,
,,,,
,,,,
,,,,
,,,,
,,,,
,,,,
,,,,
,,,,
,,,,
,,,,
,,,,
,,,,
,,,,
,,,,
,,,,
,,,,
,,,,
,,,,
,,,,
,,,,
,,,,
,,,,
,,,,
,,,,
,,,,
,,,,
,,,,
,,,,
,,,,
,,,,
,,,,
,,,,
,,,,
,,,,
,,,,
,,,,
,,,,
,,,,
,,,,
,,,,
,,,,
民俗,7316.6,2004.4,7205.2,35
,,,,
,,,,
,,,,
,,,,
,,,,
,,,,
,,,,
,,,,
,,,,
,,,,
,,,,
,,,,
,,,,
,,,,
,,,,
,,,,
,,,,
,,,,
,,,,
,,,,
,,,,
,,,,
,,,,
,,,,
,,,,
,,,,
,,,,
,,,,
,,,,
传统戏剧,7288.4,2008.6,7146,45
,,,,
,,,,
,,,,
,,,,
,,,,
,,,,
,,,,
,,,,
,,,,
,,,,
,,,,
,,,,
,,,,
,,,,
,,,,
,,,,
,,,,
,,,,
,,,,
,,,,
,,,,
,,,,
,,,,
,,,,
,,,,
,,,,
,,,,
,,,,
,,,,
,,,,
,,,,
,,,,
,,,,
,,,,
,,,,
,,,,
,,,,
,,,,
,,,,
,,,,
,,,,
,,,,
,,,,
,,,,
,,,,
,,,,
,,,,
,,,,
,,,,
,,,,
,,,,
,,,,
,,,,
,,,,
,,,,
,,,,
,,,,
,,,,
,,,,
,,,,
,,,,
,,,,
民俗,7205.2,2004.3,7093.8,35
,,,,
,,,,
,,,,
,,,,
,,,,
,,,,
,,,,
,,,,
,,,,
,,,,
,,,,
,,,,
,,,,
,,,,
,,,,
,,,,
,,,,
,,,,
,,,,
,,,,
,,,,
,,,,
,,,,
,,,,
,,,,
,,,,
,,,,
,,,,
,,,,
,,,,
,,,,
,,,,
,,,,
,,,,
,,,,
,,,,
,,,,
,,,,
,,,,
,,,,
,,,,
,,,,
,,,,
,,,,
,,,,
,,,,
,,,,
,,,,
,,,,
,,,,
,,,,
传统戏剧,7146,2008.5,7003.6,45
,,,,
,,,,
,,,,
,,,,
,,,,
,,,,
,,,,
,,,,
,,,,
,,,,
,,,,
,,,,
,,,,
,,,,
,,,,
,,,,
,,,,
,,,,
,,,,
,,,,
,,,,
,,,,
,,,,
,,,,
,,,,
,,,,
,,,,
,,,,
,,,,
,,,,
,,,,
,,,,
,,,,
,,,,
,,,,
,,,,
,,,,
,,,,
,,,,
,,,,
,,,,
,,,,
,,,,
,,,,
,,,,
,,,,
,,,,
,,,,
,,,,
,,,,
,,,,
,,,,
,,,,
,,,,
民俗,7093.8,2004.2,6982.4,36
,,,,
,,,,
,,,,
,,,,
,,,,
,,,,
,,,,
,,,,
,,,,
,,,,
,,,,
,,,,
,,,,
,,,,
,,,,
,,,,
,,,,
,,,,
,,,,
,,,,
,,,,
,,,,
,,,,
,,,,
,,,,
,,,,
,,,,
,,,,
,,,,
,,,,
,,,,
,,,,
,,,,
,,,,
,,,,
,,,,
,,,,
,,,,
,,,,
,,,,
,,,,
,,,,
,,,,
,,,,
,,,,
,,,,
,,,,
,,,,
,,,,
,,,,
,,,,
,,,,
,,,,
,,,,
,,,,
,,,,
,,,,
,,,,
,,,,
,,,,
,,,,
,,,,
,,,,
,,,,
,,,,
,,,,
,,,,
,,,,
,,,,
,,,,
,,,,
,,,,
,,,,
,,,,
,,,,
,,,,
,,,,
,,,,
,,,,
,,,,
,,,,
,,,,
,,,,
,,,,
,,,,
,,,,
,,,,
,,,,
,,,,
,,,,
,,,,
传统戏剧,7003.6,2008.4,6861.2,45
,,,,
,,,,
,,,,
,,,,
,,,,
,,,,
,,,,
,,,,
,,,,
,,,,
,,,,
,,,,
,,,,
,,,,
,,,,
,,,,
,,,,
,,,,
,,,,
,,,,
,,,,
,,,,
,,,,
民俗,6982.4,2004.1,6871,36
,,,,
,,,,
,,,,
,,,,
,,,,
,,,,
,,,,
,,,,
,,,,
,,,,
,,,,
,,,,
,,,,
,,,,
,,,,
,,,,
,,,,
,,,,
,,,,
,,,,
,,,,
,,,,
,,,,
,,,,
,,,,
,,,,
,,,,
,,,,
,,,,
,,,,
,,,,
,,,,
,,,,
,,,,
,,,,
,,,,
,,,,
,,,,
,,,,
,,,,
,,,,
,,,,
,,,,
,,,,
,,,,
,,,,
,,,,
,,,,
,,,,
,,,,
,,,,
,,,,
,,,,
,,,,
,,,,
,,,,
,,,,
,,,,
,,,,
,,,,
,,,,
,,,,
,,,,
,,,,
,,,,
,,,,
,,,,
,,,,
,,,,
,,,,
,,,,
,,,,
,,,,
,,,,
,,,,
,,,,
,,,,
,,,,
,,,,
,,,,
,,,,
,,,,
,,,,
,,,,
,,,,
,,,,
,,,,
,,,,
,,,,
,,,,
,,,,
,,,,
,,,,
,,,,
,,,,
,,,,
,,,,
,,,,
,,,,
,,,,
民俗,6871,2004,6739.3,35
,,,,
,,,,
,,,,
,,,,
,,,,
,,,,
传统戏剧,6861.2,2008.3,6718.8,46
,,,,
,,,,
,,,,
,,,,
,,,,
,,,,
,,,,
,,,,
,,,,
,,,,
,,,,
,,,,
,,,,
,,,,
,,,,
,,,,
,,,,
,,,,
,,,,
,,,,
,,,,
,,,,
,,,,
,,,,
,,,,
,,,,
,,,,
,,,,
,,,,
,,,,
,,,,
,,,,
,,,,
,,,,
,,,,
,,,,
,,,,
,,,,
,,,,
,,,,
,,,,
,,,,
,,,,
,,,,
,,,,
,,,,
,,,,
,,,,
,,,,
,,,,
,,,,
,,,,
,,,,
,,,,
,,,,
,,,,
,,,,
,,,,
,,,,
,,,,
,,,,
,,,,
,,,,
,,,,
,,,,
,,,,
,,,,
,,,,
,,,,
,,,,
,,,,
,,,,
,,,,
,,,,
,,,,
,,,,
,,,,
,,,,
,,,,
,,,,
,,,,
,,,,
,,,,
,,,,
,,,,
,,,,
,,,,
,,,,
,,,,
,,,,
,,,,
,,,,
,,,,
,,,,
,,,,
,,,,
,,,,
,,,,
,,,,
,,,,
,,,,
,,,,
,,,,
,,,,
民俗,6739.3,2003.9,6607.6,34
,,,,
,,,,
,,,,
,,,,
,,,,
,,,,
,,,,
,,,,
,,,,
,,,,
,,,,
,,,,
,,,,
,,,,
,,,,
,,,,
,,,,
,,,,
,,,,
,,,,
,,,,
传统戏剧,6718.8,2008.2,6576.4,48
,,,,
,,,,
,,,,
,,,,
,,,,
,,,,
,,,,
,,,,
,,,,
,,,,
,,,,
,,,,
,,,,
,,,,
,,,,
,,,,
,,,,
,,,,
,,,,
,,,,
,,,,
,,,,
,,,,
,,,,
,,,,
,,,,
,,,,
,,,,
,,,,
,,,,
,,,,
,,,,
,,,,
,,,,
,,,,
,,,,
,,,,
,,,,
,,,,
,,,,
,,,,
,,,,
,,,,
,,,,
,,,,
,,,,
,,,,
,,,,
,,,,
,,,,
,,,,
,,,,
,,,,
,,,,
,,,,
,,,,
,,,,
,,,,
,,,,
,,,,
,,,,
,,,,
,,,,
,,,,
,,,,
,,,,
,,,,
,,,,
,,,,
,,,,
,,,,
,,,,
,,,,
,,,,
,,,,
,,,,
,,,,
,,,,
,,,,
,,,,
,,,,
,,,,
,,,,
,,,,
,,,,
,,,,
,,,,
,,,,
,,,,
,,,,
,,,,
,,,,
,,,,
,,,,
,,,,
,,,,
,,,,
,,,,
,,,,
,,,,
,,,,
,,,,
,,,,
,,,,
,,,,
,,,,
,,,,
,,,,
,,,,
,,,,
,,,,
,,,,
,,,,
,,,,
,,,,
,,,,
,,,,
,,,,
,,,,
,,,,
,,,,
,,,,
,,,,
民俗,6607.6,2003.8,6475.9,36
,,,,
,,,,
,,,,
,,,,
,,,,
,,,,
,,,,
,,,,
,,,,
,,,,
,,,,
民俗,6594,2000,6594,26
,,,,
,,,,
,,,,
,,,,
,,,,
,,,,
,,,,
,,,,
,,,,
,,,,
,,,,
,,,,
,,,,
,,,,
,,,,
,,,,
,,,,
,,,,
,,,,
传统戏剧,6576.4,2008.1,6434,48
,,,,
,,,,
,,,,
,,,,
,,,,
,,,,
,,,,
,,,,
,,,,
,,,,
,,,,
,,,,
,,,,
,,,,
,,,,
,,,,
,,,,
,,,,
,,,,
,,,,
,,,,
,,,,
,,,,
,,,,
,,,,
,,,,
,,,,
,,,,
,,,,
,,,,
,,,,
,,,,
,,,,
,,,,
,,,,
,,,,
,,,,
,,,,
,,,,
,,,,
,,,,
,,,,
,,,,
,,,,
,,,,
,,,,
,,,,
,,,,
,,,,
,,,,
,,,,
,,,,
,,,,
,,,,
,,,,
,,,,
,,,,
,,,,
,,,,
,,,,
,,,,
,,,,
,,,,
,,,,
,,,,
,,,,
,,,,
,,,,
,,,,
,,,,
,,,,
,,,,
,,,,
,,,,
,,,,
,,,,
,,,,
,,,,
,,,,
,,,,
,,,,
民俗,6481,2000.1,6594,26
,,,,
,,,,
,,,,
,,,,
,,,,
,,,,
,,,,
,,,,
,,,,
,,,,
,,,,
民俗,6475.9,2003.7,6344.2,37
,,,,
,,,,
,,,,
,,,,
,,,,
,,,,
,,,,
,,,,
,,,,
,,,,
,,,,
,,,,
,,,,
,,,,
,,,,
,,,,
,,,,
,,,,
,,,,
,,,,
,,,,
,,,,
,,,,
,,,,
,,,,
,,,,
,,,,
,,,,
,,,,
,,,,
,,,,
,,,,
,,,,
,,,,
,,,,
,,,,
,,,,
传统戏剧,6434,2008,6331.7,49
,,,,
,,,,
,,,,
,,,,
,,,,
,,,,
,,,,
,,,,
,,,,
,,,,
,,,,
,,,,
,,,,
,,,,
,,,,
,,,,
,,,,
,,,,
,,,,
,,,,
,,,,
,,,,
,,,,
,,,,
,,,,
,,,,
,,,,
,,,,
,,,,
,,,,
,,,,
,,,,
,,,,
,,,,
,,,,
,,,,
,,,,
,,,,
,,,,
,,,,
,,,,
,,,,
,,,,
,,,,
,,,,
,,,,
,,,,
,,,,
,,,,
,,,,
,,,,
,,,,
,,,,
,,,,
,,,,
,,,,
,,,,
民俗,6368,2000.2,6481,26
,,,,
,,,,
,,,,
,,,,
,,,,
,,,,
,,,,
,,,,
,,,,
,,,,
,,,,
,,,,
,,,,
,,,,
,,,,
,,,,
,,,,
,,,,
,,,,
民俗,6344.2,2003.6,6212.5,37
,,,,
,,,,
,,,,
,,,,
,,,,
,,,,
,,,,
,,,,
,,,,
,,,,
,,,,
传统戏剧,6331.7,2007.9,6229.4,48
,,,,
,,,,
,,,,
,,,,
,,,,
,,,,
,,,,
,,,,
,,,,
,,,,
,,,,
,,,,
,,,,
,,,,
,,,,
,,,,
,,,,
,,,,
,,,,
,,,,
,,,,
,,,,
,,,,
,,,,
,,,,
,,,,
,,,,
,,,,
,,,,
,,,,
,,,,
,,,,
,,,,
,,,,
,,,,
,,,,
,,,,
,,,,
,,,,
,,,,
,,,,
,,,,
,,,,
,,,,
,,,,
,,,,
,,,,
,,,,
,,,,
,,,,
,,,,
,,,,
,,,,
,,,,
,,,,
,,,,
,,,,
,,,,
,,,,
,,,,
,,,,
,,,,
,,,,
,,,,
,,,,
,,,,
,,,,
,,,,
,,,,
,,,,
,,,,
,,,,
民俗,6255,2000.3,6368,26
,,,,
,,,,
,,,,
,,,,
,,,,
,,,,
,,,,
,,,,
,,,,
,,,,
,,,,
,,,,
,,,,
,,,,
,,,,
,,,,
,,,,
,,,,
,,,,
,,,,
,,,,
传统戏剧,6229.4,2007.8,6127.1,49
,,,,
,,,,
,,,,
,,,,
,,,,
,,,,
,,,,
,,,,
,,,,
,,,,
,,,,
,,,,
,,,,
,,,,
民俗,6212.5,2003.5,6080.8,37
,,,,
,,,,
,,,,
,,,,
,,,,
,,,,
,,,,
,,,,
,,,,
,,,,
,,,,
,,,,
,,,,
,,,,
,,,,
,,,,
,,,,
,,,,
,,,,
,,,,
,,,,
,,,,
,,,,
,,,,
,,,,
,,,,
,,,,
,,,,
,,,,
,,,,
,,,,
,,,,
,,,,
,,,,
,,,,
,,,,
,,,,
,,,,
,,,,
,,,,
,,,,
,,,,
,,,,
,,,,
,,,,
,,,,
,,,,
,,,,
,,,,
,,,,
,,,,
,,,,
,,,,
,,,,
,,,,
,,,,
,,,,
,,,,
,,,,
,,,,
,,,,
,,,,
,,,,
,,,,
,,,,
,,,,
,,,,
,,,,
,,,,
,,,,
,,,,
,,,,
,,,,
,,,,
,,,,
,,,,
,,,,
,,,,
,,,,
,,,,
,,,,
,,,,
,,,,
,,,,
,,,,
,,,,
,,,,
,,,,
,,,,
民俗,6142,2000.4,6255,27
,,,,
,,,,
,,,,
,,,,
,,,,
,,,,
,,,,
,,,,
,,,,
,,,,
,,,,
,,,,
,,,,
,,,,
传统戏剧,6127.1,2007.7,6024.8,49
,,,,
,,,,
,,,,
,,,,
,,,,
,,,,
,,,,
,,,,
,,,,
,,,,
,,,,
,,,,
,,,,
,,,,
,,,,
,,,,
,,,,
,,,,
,,,,
,,,,
,,,,
,,,,
,,,,
,,,,
,,,,
,,,,
,,,,
,,,,
,,,,
,,,,
,,,,
,,,,
,,,,
,,,,
,,,,
,,,,
,,,,
,,,,
,,,,
,,,,
,,,,
,,,,
,,,,
,,,,
,,,,
,,,,
,,,,
,,,,
,,,,
,,,,
,,,,
,,,,
,,,,
民俗,6080.8,2003.4,5949.1,37
,,,,
,,,,
,,,,
,,,,
,,,,
,,,,
,,,,
,,,,
,,,,
,,,,
,,,,
,,,,
,,,,
,,,,
,,,,
,,,,
,,,,
,,,,
,,,,
,,,,
,,,,
,,,,
,,,,
,,,,
,,,,
,,,,
,,,,
,,,,
,,,,
,,,,
,,,,
,,,,
,,,,
,,,,
,,,,
,,,,
,,,,
,,,,
,,,,
,,,,
,,,,
,,,,
,,,,
,,,,
,,,,
,,,,
民俗,6029,2000.5,6142,27
,,,,
,,,,
,,,,
,,,,
,,,,
,,,,
,,,,
,,,,
,,,,
,,,,
,,,,
传统戏剧,6024.8,2007.6,5922.5,49
,,,,
,,,,
,,,,
,,,,
,,,,
,,,,
,,,,
,,,,
,,,,
,,,,
,,,,
,,,,
,,,,
,,,,
,,,,
,,,,
,,,,
,,,,
,,,,
,,,,
,,,,
,,,,
,,,,
,,,,
,,,,
,,,,
,,,,
,,,,
,,,,
,,,,
,,,,
,,,,
,,,,
,,,,
,,,,
,,,,
,,,,
,,,,
,,,,
,,,,
,,,,
,,,,
,,,,
,,,,
,,,,
,,,,
,,,,
,,,,
,,,,
,,,,
,,,,
,,,,
,,,,
,,,,
,,,,
,,,,
,,,,
,,,,
,,,,
,,,,
,,,,
,,,,
,,,,
,,,,
,,,,
,,,,
,,,,
,,,,
,,,,
,,,,
,,,,
,,,,
,,,,
,,,,
,,,,
,,,,
,,,,
,,,,
,,,,
民俗,5949.1,2003.3,5817.4,37
,,,,
,,,,
,,,,
,,,,
,,,,
,,,,
,,,,
,,,,
,,,,
,,,,
,,,,
,,,,
,,,,
,,,,
,,,,
,,,,
,,,,
,,,,
,,,,
,,,,
,,,,
,,,,
,,,,
,,,,
,,,,
传统戏剧,5922.5,2007.5,5820.2,49
,,,,
,,,,
,,,,
,,,,
,,,,
,,,,
,,,,
民俗,5916,2000.6,6029,28
,,,,
,,,,
,,,,
,,,,
,,,,
,,,,
,,,,
,,,,
,,,,
,,,,
,,,,
,,,,
,,,,
,,,,
,,,,
,,,,
,,,,
,,,,
,,,,
,,,,
,,,,
,,,,
,,,,
,,,,
,,,,
,,,,
,,,,
,,,,
,,,,
,,,,
,,,,
,,,,
,,,,
,,,,
,,,,
,,,,
,,,,
,,,,
,,,,
,,,,
,,,,
,,,,
,,,,
,,,,
,,,,
,,,,
,,,,
,,,,
,,,,
,,,,
,,,,
,,,,
,,,,
,,,,
,,,,
,,,,
,,,,
,,,,
,,,,
,,,,
,,,,
,,,,
,,,,
,,,,
,,,,
,,,,
,,,,
,,,,
,,,,
,,,,
,,,,
,,,,
,,,,
,,,,
,,,,
,,,,
,,,,
,,,,
,,,,
,,,,
,,,,
,,,,
,,,,
,,,,
,,,,
,,,,
,,,,
,,,,
,,,,
,,,,
,,,,
,,,,
,,,,
,,,,
,,,,
,,,,
,,,,
,,,,
,,,,
,,,,
传统戏剧,5820.2,2007.4,5717.9,49
,,,,
民俗,5817.4,2003.2,5685.7,37
,,,,
,,,,
,,,,
,,,,
,,,,
,,,,
,,,,
,,,,
,,,,
,,,,
,,,,
,,,,
,,,,
,,,,
,,,,
,,,,
,,,,
,,,,
,,,,
,,,,
,,,,
,,,,
民俗,5803,2000.7,5916,29
,,,,
,,,,
,,,,
,,,,
,,,,
,,,,
,,,,
,,,,
,,,,
,,,,
,,,,
,,,,
,,,,
,,,,
,,,,
,,,,
,,,,
,,,,
,,,,
,,,,
,,,,
,,,,
,,,,
,,,,
,,,,
,,,,
,,,,
,,,,
,,,,
,,,,
,,,,
,,,,
,,,,
,,,,
,,,,
,,,,
,,,,
,,,,
,,,,
,,,,
,,,,
,,,,
,,,,
,,,,
,,,,
,,,,
,,,,
,,,,
,,,,
,,,,
,,,,
,,,,
,,,,
,,,,
,,,,
,,,,
,,,,
,,,,
,,,,
,,,,
,,,,
,,,,
,,,,
,,,,
,,,,
,,,,
,,,,
,,,,
,,,,
,,,,
,,,,
,,,,
,,,,
,,,,
,,,,
,,,,
,,,,
,,,,
,,,,
,,,,
,,,,
,,,,
,,,,
,,,,
,,,,
,,,,
,,,,
,,,,
,,,,
,,,,
,,,,
,,,,
,,,,
,,,,
,,,,
,,,,
,,,,
,,,,
,,,,
,,,,
,,,,
,,,,
,,,,
,,,,
,,,,
,,,,
,,,,
,,,,
,,,,
,,,,
,,,,
,,,,
,,,,
传统戏剧,5717.9,2007.3,5615.6,49
,,,,
,,,,
,,,,
,,,,
,,,,
,,,,
,,,,
,,,,
,,,,
,,,,
,,,,
,,,,
,,,,
,,,,
,,,,
,,,,
,,,,
,,,,
,,,,
,,,,
,,,,
,,,,
,,,,
,,,,
,,,,
,,,,
,,,,
,,,,
,,,,
,,,,
,,,,
,,,,
,,,,
,,,,
,,,,
,,,,
,,,,
,,,,
,,,,
,,,,
,,,,
,,,,
,,,,
民俗,5690,2000.8,5803,29
,,,,
,,,,
,,,,
,,,,
,,,,
,,,,
,,,,
民俗,5685.7,2003.1,5554,37
,,,,
,,,,
,,,,
,,,,
,,,,
,,,,
,,,,
,,,,
,,,,
,,,,
,,,,
,,,,
,,,,
,,,,
,,,,
,,,,
,,,,
,,,,
,,,,
,,,,
,,,,
,,,,
,,,,
,,,,
,,,,
,,,,
,,,,
,,,,
,,,,
,,,,
,,,,
,,,,
,,,,
,,,,
,,,,
,,,,
,,,,
,,,,
,,,,
,,,,
,,,,
,,,,
,,,,
,,,,
,,,,
,,,,
,,,,
,,,,
,,,,
,,,,
,,,,
,,,,
,,,,
,,,,
,,,,
,,,,
,,,,
,,,,
,,,,
,,,,
,,,,
,,,,
,,,,
,,,,
,,,,
,,,,
,,,,
,,,,
,,,,
,,,,
,,,,
,,,,
,,,,
,,,,
,,,,
,,,,
,,,,
,,,,
,,,,
,,,,
,,,,
,,,,
,,,,
,,,,
,,,,
,,,,
,,,,
,,,,
,,,,
,,,,
,,,,
,,,,
,,,,
,,,,
,,,,
,,,,
,,,,
,,,,
,,,,
,,,,
,,,,
,,,,
,,,,
,,,,
,,,,
,,,,
传统戏剧,5615.6,2007.2,5513.3,50
,,,,
,,,,
,,,,
,,,,
,,,,
,,,,
,,,,
,,,,
,,,,
,,,,
,,,,
,,,,
,,,,
,,,,
,,,,
,,,,
,,,,
,,,,
,,,,
,,,,
,,,,
,,,,
,,,,
,,,,
,,,,
,,,,
,,,,
,,,,
,,,,
,,,,
,,,,
,,,,
,,,,
,,,,
,,,,
,,,,
,,,,
,,,,
,,,,
,,,,
,,,,
,,,,
,,,,
,,,,
,,,,
,,,,
,,,,
,,,,
,,,,
,,,,
,,,,
,,,,
,,,,
,,,,
民俗,5577,2000.9,5690,29
,,,,
,,,,
,,,,
,,,,
,,,,
,,,,
,,,,
,,,,
,,,,
,,,,
,,,,
,,,,
,,,,
,,,,
,,,,
,,,,
,,,,
,,,,
,,,,
,,,,
,,,,
,,,,
,,,,
,,,,
,,,,
民俗,5554,2003,5530.2,39
,,,,
,,,,
,,,,
,,,,
,,,,
,,,,
,,,,
,,,,
,,,,
,,,,
,,,,
,,,,
,,,,
,,,,
,,,,
,,,,
,,,,
,,,,
,,,,
,,,,
,,,,
,,,,
,,,,
,,,,
,,,,
,,,,
民俗,5530.2,2002.9,5506.4,38
,,,,
,,,,
,,,,
,,,,
,,,,
,,,,
,,,,
,,,,
,,,,
,,,,
,,,,
,,,,
,,,,
,,,,
,,,,
,,,,
,,,,
,,,,
,,,,
,,,,
,,,,
,,,,
,,,,
传统戏剧,5513.3,2007.1,5411,50
,,,,
,,,,
,,,,
,,,,
,,,,
,,,,
民俗,5506.4,2002.8,5482.6,37
,,,,
,,,,
,,,,
,,,,
,,,,
,,,,
,,,,
,,,,
,,,,
,,,,
,,,,
,,,,
,,,,
,,,,
,,,,
,,,,
,,,,
,,,,
,,,,
,,,,
,,,,
,,,,
,,,,
,,,,
,,,,
,,,,
,,,,
,,,,
,,,,
民俗,5482.6,2002.7,5458.8,37
,,,,
,,,,
,,,,
,,,,
,,,,
,,,,
,,,,
,,,,
,,,,
,,,,
,,,,
,,,,
,,,,
,,,,
,,,,
,,,,
,,,,
,,,,
,,,,
,,,,
,,,,
,,,,
,,,,
,,,,
,,,,
,,,,
,,,,
,,,,
,,,,
民俗,5464,2001,5577,34
,,,,
,,,,
,,,,
,,,,
,,,,
,,,,
,,,,
民俗,5458.8,2002.6,5435,37
,,,,
,,,,
,,,,
,,,,
,,,,
,,,,
,,,,
,,,,
,,,,
,,,,
民俗,5449.2,2001.1,5464,34
,,,,
,,,,
,,,,
,,,,
,,,,
,,,,
,,,,
,,,,
,,,,
,,,,
,,,,
,,,,
,,,,
,,,,
,,,,
,,,,
,,,,
民俗,5435,2002.5,5411.2,37
民俗,5434.4,2001.2,5449.2,34
,,,,
,,,,
,,,,
,,,,
,,,,
,,,,
,,,,
,,,,
,,,,
,,,,
,,,,
,,,,
,,,,
,,,,
,,,,
,,,,
,,,,
,,,,
,,,,
民俗,5419.6,2001.3,5434.4,34
,,,,
,,,,
,,,,
,,,,
,,,,
,,,,
,,,,
,,,,
,,,,
,,,,
,,,,
,,,,
,,,,
民俗,5411.2,2002.4,5387.4,37
传统戏剧,5411,2007,5340.6,50
,,,,
,,,,
,,,,
,,,,
,,,,
,,,,
,,,,
,,,,
民俗,5404.8,2001.4,5419.6,34
,,,,
,,,,
,,,,
,,,,
,,,,
,,,,
,,,,
,,,,
,,,,
,,,,
,,,,
,,,,
,,,,
,,,,
,,,,
,,,,
,,,,
,,,,
,,,,
,,,,
,,,,
,,,,
,,,,
民俗,5390,2001.5,5404.8,34
民俗,5387.4,2002.3,5363.6,37
,,,,
,,,,
,,,,
,,,,
,,,,
,,,,
,,,,
民俗,5375.2,2001.6,5390,34
,,,,
,,,,
,,,,
,,,,
,,,,
,,,,
,,,,
,,,,
,,,,
,,,,
,,,,
,,,,
,,,,
,,,,
民俗,5363.6,2002.2,5339.8,37
,,,,
,,,,
,,,,
,,,,
,,,,
,,,,
,,,,
民俗,5360.4,2001.7,5375.2,34
,,,,
,,,,
,,,,
,,,,
,,,,
,,,,
,,,,
,,,,
,,,,
,,,,
,,,,
,,,,
,,,,
,,,,
,,,,
,,,,
,,,,
,,,,
,,,,
民俗,5345.6,2001.8,5360.4,34
,,,,
,,,,
,,,,
,,,,
,,,,
,,,,
,,,,
,,,,
传统戏剧,5340.6,2006.9,5270.2,49
民俗,5339.8,2002.1,5316,37
,,,,
,,,,
,,,,
,,,,
,,,,
,,,,
,,,,
,,,,
,,,,
,,,,
,,,,
,,,,
民俗,5330.8,2001.9,5345.6,35
,,,,
,,,,
,,,,
,,,,
,,,,
,,,,
,,,,
,,,,
,,,,
,,,,
,,,,
,,,,
,,,,
,,,,
,,,,
,,,,
,,,,
,,,,
,,,,
,,,,
,,,,
,,,,
,,,,
,,,,
,,,,
民俗,5316,2002,5330.8,37
,,,,
,,,,
,,,,
,,,,
,,,,
,,,,
,,,,
,,,,
,,,,
,,,,
,,,,
,,,,
,,,,
,,,,
,,,,
,,,,
,,,,
,,,,
,,,,
,,,,
,,,,
,,,,
,,,,
,,,,
,,,,
,,,,
,,,,
,,,,
,,,,
,,,,
,,,,
,,,,
,,,,
,,,,
,,,,
,,,,
,,,,
,,,,
,,,,
,,,,
,,,,
,,,,
,,,,
,,,,
,,,,
,,,,
,,,,
,,,,
,,,,
,,,,
,,,,
,,,,
,,,,
,,,,
,,,,
,,,,
,,,,
,,,,
,,,,
,,,,
,,,,
,,,,
,,,,
,,,,
,,,,
,,,,
,,,,
,,,,
,,,,
传统戏剧,5270.2,2006.8,5199.8,49
,,,,
,,,,
,,,,
,,,,
,,,,
,,,,
,,,,
,,,,
,,,,
,,,,
,,,,
,,,,
,,,,
,,,,
,,,,
,,,,
,,,,
,,,,
,,,,
,,,,
,,,,
,,,,
,,,,
,,,,
,,,,
,,,,
,,,,
,,,,
,,,,
,,,,
,,,,
,,,,
,,,,
,,,,
,,,,
,,,,
,,,,
,,,,
,,,,
,,,,
,,,,
,,,,
,,,,
,,,,
,,,,
,,,,
,,,,
,,,,
,,,,
,,,,
,,,,
,,,,
,,,,
,,,,
,,,,
,,,,
,,,,
,,,,
,,,,
,,,,
,,,,
,,,,
,,,,
,,,,
,,,,
,,,,
,,,,
,,,,
,,,,
,,,,
,,,,
,,,,
,,,,
,,,,
,,,,
,,,,
,,,,
,,,,
,,,,
,,,,
,,,,
,,,,
,,,,
,,,,
,,,,
,,,,
,,,,
,,,,
,,,,
,,,,
,,,,
,,,,
,,,,
,,,,
,,,,
,,,,
,,,,
,,,,
,,,,
,,,,
,,,,
,,,,
,,,,
,,,,
,,,,
,,,,
,,,,
,,,,
传统戏剧,5199.8,2006.7,5129.4,49
,,,,
,,,,
,,,,
,,,,
,,,,
,,,,
,,,,
,,,,
,,,,
,,,,
,,,,
,,,,
,,,,
,,,,
,,,,
,,,,
,,,,
,,,,
,,,,
,,,,
,,,,
,,,,
,,,,
,,,,
,,,,
,,,,
,,,,
,,,,
,,,,
,,,,
,,,,
,,,,
,,,,
,,,,
,,,,
,,,,
,,,,
,,,,
,,,,
,,,,
,,,,
,,,,
,,,,
,,,,
,,,,
,,,,
,,,,
,,,,
,,,,
,,,,
,,,,
,,,,
,,,,
,,,,
,,,,
,,,,
,,,,
,,,,
,,,,
,,,,
,,,,
,,,,
,,,,
,,,,
,,,,
,,,,
,,,,
,,,,
,,,,
,,,,
,,,,
,,,,
,,,,
,,,,
,,,,
,,,,
,,,,
,,,,
,,,,
,,,,
,,,,
,,,,
,,,,
,,,,
,,,,
,,,,
,,,,
,,,,
,,,,
,,,,
,,,,
,,,,
,,,,
,,,,
,,,,
,,,,
,,,,
,,,,
,,,,
,,,,
,,,,
,,,,
,,,,
,,,,
,,,,
,,,,
,,,,
,,,,
,,,,
,,,,
,,,,
,,,,
,,,,
,,,,
,,,,
,,,,
,,,,
,,,,
,,,,
,,,,
,,,,
传统戏剧,5129.4,2006.6,5059,50
,,,,
,,,,
,,,,
,,,,
,,,,
,,,,
,,,,
,,,,
,,,,
,,,,
,,,,
,,,,
,,,,
,,,,
,,,,
,,,,
,,,,
,,,,
,,,,
,,,,
,,,,
,,,,
,,,,
,,,,
,,,,
,,,,
,,,,
,,,,
,,,,
,,,,
,,,,
,,,,
,,,,
,,,,
,,,,
,,,,
,,,,
,,,,
,,,,
,,,,
,,,,
,,,,
,,,,
,,,,
,,,,
,,,,
,,,,
,,,,
,,,,
,,,,
,,,,
,,,,
,,,,
,,,,
,,,,
,,,,
,,,,
,,,,
,,,,
,,,,
,,,,
,,,,
,,,,
,,,,
,,,,
,,,,
,,,,
,,,,
,,,,
,,,,
,,,,
,,,,
,,,,
,,,,
,,,,
,,,,
,,,,
,,,,
,,,,
,,,,
,,,,
,,,,
,,,,
,,,,
,,,,
,,,,
,,,,
,,,,
,,,,
,,,,
,,,,
,,,,
,,,,
,,,,
,,,,
,,,,
,,,,
,,,,
,,,,
,,,,
,,,,
传统戏剧,5059,2006.5,4988.6,50
,,,,
,,,,
,,,,
,,,,
,,,,
,,,,
,,,,
,,,,
,,,,
,,,,
,,,,
,,,,
,,,,
,,,,
,,,,
,,,,
,,,,
,,,,
,,,,
,,,,
,,,,
,,,,
,,,,
,,,,
,,,,
,,,,
,,,,
,,,,
,,,,
,,,,
,,,,
,,,,
,,,,
,,,,
,,,,
,,,,
,,,,
,,,,
,,,,
,,,,
,,,,
,,,,
,,,,
,,,,
,,,,
,,,,
,,,,
,,,,
,,,,
,,,,
,,,,
,,,,
,,,,
,,,,
,,,,
,,,,
,,,,
,,,,
,,,,
,,,,
,,,,
,,,,
,,,,
,,,,
,,,,
,,,,
,,,,
,,,,
,,,,
,,,,
,,,,
,,,,
,,,,
,,,,
,,,,
,,,,
,,,,
,,,,
,,,,
,,,,
,,,,
,,,,
,,,,
,,,,
,,,,
,,,,
,,,,
传统戏剧,4988.6,2006.4,4918.2,50
,,,,
,,,,
,,,,
,,,,
,,,,
,,,,
,,,,
,,,,
,,,,
,,,,
,,,,
,,,,
,,,,
,,,,
,,,,
,,,,
,,,,
,,,,
,,,,
,,,,
,,,,
,,,,
,,,,
,,,,
,,,,
,,,,
,,,,
,,,,
,,,,
,,,,
,,,,
,,,,
,,,,
,,,,
,,,,
,,,,
,,,,
,,,,
,,,,
,,,,
,,,,
,,,,
,,,,
,,,,
,,,,
,,,,
,,,,
,,,,
,,,,
,,,,
,,,,
,,,,
,,,,
,,,,
,,,,
,,,,
,,,,
,,,,
,,,,
,,,,
,,,,
,,,,
,,,,
,,,,
,,,,
,,,,
,,,,
,,,,
,,,,
,,,,
,,,,
,,,,
,,,,
,,,,
,,,,
传统戏剧,4918.2,2006.3,4847.8,50
,,,,
,,,,
,,,,
,,,,
,,,,
,,,,
,,,,
,,,,
,,,,
,,,,
,,,,
,,,,
,,,,
,,,,
,,,,
,,,,
,,,,
,,,,
,,,,
,,,,
,,,,
,,,,
,,,,
,,,,
,,,,
,,,,
,,,,
,,,,
,,,,
,,,,
,,,,
,,,,
,,,,
,,,,
,,,,
,,,,
,,,,
,,,,
,,,,
,,,,
,,,,
,,,,
,,,,
,,,,
,,,,
,,,,
,,,,
,,,,
,,,,
,,,,
,,,,
,,,,
,,,,
,,,,
,,,,
,,,,
,,,,
,,,,
,,,,
,,,,
,,,,
,,,,
,,,,
,,,,
,,,,
,,,,
,,,,
,,,,
,,,,
,,,,
,,,,
,,,,
,,,,
,,,,
,,,,
,,,,
,,,,
,,,,
,,,,
,,,,
,,,,
,,,,
,,,,
,,,,
传统戏剧,4847.8,2006.2,4777.4,50
,,,,
,,,,
,,,,
,,,,
,,,,
,,,,
,,,,
,,,,
,,,,
,,,,
,,,,
,,,,
,,,,
,,,,
,,,,
,,,,
,,,,
,,,,
,,,,
,,,,
,,,,
,,,,
,,,,
,,,,
,,,,
,,,,
,,,,
,,,,
,,,,
,,,,
,,,,
,,,,
,,,,
,,,,
,,,,
,,,,
,,,,
,,,,
,,,,
,,,,
,,,,
,,,,
,,,,
,,,,
,,,,
,,,,
,,,,
,,,,
,,,,
,,,,
,,,,
,,,,
,,,,
,,,,
,,,,
,,,,
,,,,
,,,,
,,,,
,,,,
,,,,
,,,,
,,,,
,,,,
,,,,
,,,,
,,,,
,,,,
,,,,
,,,,
,,,,
,,,,
,,,,
,,,,
,,,,
,,,,
,,,,
,,,,
,,,,
,,,,
,,,,
,,,,
,,,,
,,,,
,,,,
,,,,
,,,,
,,,,
,,,,
,,,,
,,,,
,,,,
,,,,
,,,,
,,,,
,,,,
,,,,
,,,,
,,,,
,,,,
,,,,
,,,,
,,,,
,,,,
传统戏剧,4777.4,2006.1,4707,50
,,,,
,,,,
,,,,
,,,,
,,,,
,,,,
,,,,
,,,,
,,,,
,,,,
,,,,
,,,,
,,,,
,,,,
,,,,
,,,,
,,,,
,,,,
,,,,
,,,,
,,,,
,,,,
,,,,
,,,,
,,,,
,,,,
,,,,
,,,,
,,,,
,,,,
,,,,
,,,,
,,,,
,,,,
,,,,
,,,,
,,,,
,,,,
,,,,
,,,,
,,,,
,,,,
,,,,
,,,,
,,,,
,,,,
,,,,
,,,,
,,,,
,,,,
,,,,
,,,,
,,,,
,,,,
,,,,
,,,,
,,,,
,,,,
,,,,
,,,,
,,,,
,,,,
,,,,
,,,,
,,,,
,,,,
,,,,
,,,,
,,,,
,,,,
,,,,
,,,,
,,,,
,,,,
,,,,
,,,,
,,,,
,,,,
,,,,
,,,,
,,,,
,,,,
,,,,
,,,,
,,,,
,,,,
,,,,
,,,,
,,,,
,,,,
,,,,
,,,,
,,,,
,,,,
,,,,
,,,,
,,,,
传统戏剧,4707,2006,4661.1,50
,,,,
,,,,
,,,,
,,,,
,,,,
,,,,
,,,,
,,,,
,,,,
,,,,
,,,,
,,,,
,,,,
,,,,
,,,,
,,,,
,,,,
,,,,
,,,,
,,,,
,,,,
,,,,
,,,,
,,,,
,,,,
,,,,
,,,,
,,,,
,,,,
,,,,
,,,,
,,,,
,,,,
,,,,
,,,,
,,,,
,,,,
,,,,
,,,,
,,,,
,,,,
,,,,
,,,,
,,,,
,,,,
,,,,
,,,,
,,,,
,,,,
,,,,
,,,,
,,,,
,,,,
,,,,
,,,,
,,,,
,,,,
,,,,
,,,,
,,,,
,,,,
传统戏剧,4661.1,2005.9,4615.2,50
,,,,
,,,,
,,,,
,,,,
,,,,
,,,,
,,,,
,,,,
,,,,
,,,,
,,,,
,,,,
,,,,
,,,,
,,,,
,,,,
,,,,
,,,,
,,,,
,,,,
,,,,
,,,,
,,,,
,,,,
,,,,
,,,,
,,,,
,,,,
,,,,
,,,,
,,,,
,,,,
,,,,
,,,,
,,,,
,,,,
,,,,
,,,,
,,,,
,,,,
,,,,
,,,,
,,,,
,,,,
,,,,
,,,,
,,,,
,,,,
,,,,
,,,,
,,,,
,,,,
,,,,
传统戏剧,4615.2,2005.8,4569.3,50
,,,,
,,,,
,,,,
,,,,
,,,,
,,,,
,,,,
,,,,
,,,,
,,,,
,,,,
,,,,
,,,,
,,,,
,,,,
,,,,
,,,,
,,,,
,,,,
,,,,
,,,,
,,,,
,,,,
,,,,
,,,,
,,,,
,,,,
,,,,
,,,,
,,,,
,,,,
,,,,
,,,,
,,,,
,,,,
,,,,
,,,,
,,,,
,,,,
,,,,
,,,,
,,,,
,,,,
,,,,
,,,,
,,,,
,,,,
,,,,
,,,,
,,,,
,,,,
,,,,
,,,,
,,,,
,,,,
,,,,
,,,,
,,,,
,,,,
,,,,
,,,,
,,,,
,,,,
,,,,
,,,,
,,,,
,,,,
传统戏剧,4569.3,2005.7,4523.4,51
,,,,
,,,,
,,,,
,,,,
,,,,
,,,,
,,,,
,,,,
,,,,
,,,,
,,,,
,,,,
,,,,
,,,,
,,,,
,,,,
,,,,
,,,,
,,,,
,,,,
,,,,
,,,,
,,,,
,,,,
,,,,
,,,,
,,,,
,,,,
,,,,
,,,,
,,,,
,,,,
,,,,
,,,,
,,,,
,,,,
,,,,
,,,,
,,,,
,,,,
,,,,
,,,,
,,,,
,,,,
,,,,
传统戏剧,4528,2000,4528,32
,,,,
,,,,
,,,,
,,,,
,,,,
,,,,
传统戏剧,4523.4,2005.6,4477.5,51
,,,,
,,,,
,,,,
,,,,
,,,,
,,,,
,,,,
,,,,
,,,,
,,,,
,,,,
,,,,
,,,,
,,,,
,,,,
,,,,
,,,,
,,,,
,,,,
,,,,
,,,,
,,,,
,,,,
,,,,
,,,,
,,,,
,,,,
,,,,
,,,,
,,,,
,,,,
,,,,
,,,,
,,,,
,,,,
,,,,
,,,,
,,,,
,,,,
,,,,
,,,,
,,,,
,,,,
,,,,
,,,,
,,,,
,,,,
,,,,
,,,,
,,,,
,,,,
,,,,
,,,,
,,,,
,,,,
,,,,
,,,,
,,,,
,,,,
,,,,
,,,,
,,,,
,,,,
,,,,
,,,,
,,,,
,,,,
,,,,
,,,,
,,,,
,,,,
,,,,
传统戏剧,4477.5,2005.5,4431.6,51
,,,,
,,,,
,,,,
,,,,
,,,,
,,,,
,,,,
,,,,
,,,,
,,,,
,,,,
,,,,
,,,,
,,,,
,,,,
,,,,
,,,,
,,,,
,,,,
,,,,
,,,,
,,,,
,,,,
,,,,
,,,,
,,,,
,,,,
,,,,
,,,,
,,,,
,,,,
,,,,
,,,,
,,,,
,,,,
,,,,
,,,,
,,,,
,,,,
,,,,
,,,,
,,,,
,,,,
,,,,
,,,,
,,,,
,,,,
,,,,
,,,,
,,,,
,,,,
,,,,
,,,,
,,,,
,,,,
,,,,
,,,,
,,,,
,,,,
传统戏剧,4431.6,2005.4,4385.7,51
,,,,
,,,,
,,,,
,,,,
,,,,
,,,,
,,,,
,,,,
,,,,
,,,,
,,,,
,,,,
,,,,
,,,,
,,,,
,,,,
,,,,
,,,,
,,,,
,,,,
,,,,
,,,,
,,,,
,,,,
,,,,
,,,,
,,,,
,,,,
,,,,
,,,,
,,,,
,,,,
,,,,
,,,,
,,,,
,,,,
,,,,
,,,,
,,,,
,,,,
,,,,
,,,,
,,,,
,,,,
,,,,
,,,,
,,,,
,,,,
,,,,
传统戏剧,4388.2,2000.1,4528,33
,,,,
,,,,
,,,,
,,,,
,,,,
,,,,
,,,,
,,,,
传统戏剧,4385.7,2005.3,4339.8,51
,,,,
,,,,
,,,,
,,,,
,,,,
,,,,
,,,,
,,,,
,,,,
,,,,
,,,,
,,,,
,,,,
,,,,
,,,,
,,,,
,,,,
,,,,
,,,,
,,,,
,,,,
,,,,
,,,,
,,,,
,,,,
,,,,
,,,,
,,,,
,,,,
,,,,
,,,,
,,,,
,,,,
,,,,
,,,,
,,,,
,,,,
,,,,
,,,,
,,,,
,,,,
,,,,
,,,,
,,,,
,,,,
,,,,
,,,,
,,,,
,,,,
,,,,
,,,,
,,,,
传统戏剧,4339.8,2005.2,4293.9,51
,,,,
,,,,
,,,,
,,,,
,,,,
,,,,
,,,,
,,,,
,,,,
,,,,
,,,,
,,,,
,,,,
,,,,
,,,,
,,,,
,,,,
,,,,
,,,,
,,,,
,,,,
,,,,
,,,,
,,,,
,,,,
,,,,
,,,,
,,,,
,,,,
,,,,
,,,,
,,,,
,,,,
,,,,
,,,,
,,,,
,,,,
,,,,
,,,,
,,,,
,,,,
,,,,
,,,,
,,,,
,,,,
,,,,
,,,,
,,,,
,,,,
,,,,
,,,,
,,,,
,,,,
,,,,
,,,,
,,,,
,,,,
,,,,
,,,,
,,,,
传统戏剧,4293.9,2005.1,4248,51
,,,,
,,,,
,,,,
,,,,
,,,,
,,,,
,,,,
,,,,
,,,,
,,,,
,,,,
,,,,
,,,,
,,,,
,,,,
,,,,
,,,,
,,,,
,,,,
,,,,
,,,,
,,,,
,,,,
,,,,
,,,,
,,,,
,,,,
,,,,
,,,,
,,,,
,,,,
,,,,
,,,,
,,,,
,,,,
,,,,
,,,,
,,,,
,,,,
,,,,
,,,,
,,,,
,,,,
,,,,
,,,,
,,,,
,,,,
,,,,
,,,,
,,,,
,,,,
,,,,
,,,,
,,,,
,,,,
,,,,
,,,,
,,,,
,,,,
,,,,
,,,,
,,,,
,,,,
,,,,
,,,,
,,,,
,,,,
,,,,
,,,,
,,,,
,,,,
,,,,
传统戏剧,4248.4,2000.2,4388.2,33
传统戏剧,4248,2005,4238.8,51
,,,,
,,,,
,,,,
,,,,
,,,,
,,,,
,,,,
传统戏剧,4238.8,2004.9,4229.6,49
,,,,
,,,,
,,,,
,,,,
,,,,
,,,,
,,,,
,,,,
,,,,
,,,,
,,,,
,,,,
,,,,
,,,,
,,,,
,,,,
,,,,
,,,,
,,,,
,,,,
传统戏剧,4229.6,2004.8,4220.4,49
,,,,
,,,,
,,,,
,,,,
,,,,
,,,,
,,,,
,,,,
传统戏剧,4220.4,2004.7,4211.2,49
,,,,
,,,,
,,,,
,,,,
,,,,
,,,,
,,,,
,,,,
,,,,
传统戏剧,4211.2,2004.6,4202,49
,,,,
,,,,
,,,,
,,,,
,,,,
,,,,
,,,,
,,,,
,,,,
传统戏剧,4202,2004.5,4192.8,49
,,,,
,,,,
,,,,
,,,,
,,,,
,,,,
,,,,
,,,,
传统戏剧,4192.8,2004.4,4183.6,49
,,,,
,,,,
,,,,
,,,,
,,,,
,,,,
,,,,
,,,,
,,,,
,,,,
传统戏剧,4183.6,2004.3,4174.4,49
,,,,
,,,,
,,,,
,,,,
,,,,
,,,,
,,,,
传统戏剧,4174.4,2004.2,4165.2,49
,,,,
,,,,
,,,,
,,,,
,,,,
,,,,
,,,,
传统戏剧,4165.2,2004.1,4156,49
,,,,
,,,,
,,,,
,,,,
,,,,
,,,,
,,,,
,,,,
,,,,
,,,,
,,,,
,,,,
,,,,
传统戏剧,4156,2004,4080.7,49
,,,,
,,,,
,,,,
,,,,
,,,,
,,,,
,,,,
,,,,
,,,,
,,,,
,,,,
,,,,
,,,,
,,,,
,,,,
,,,,
,,,,
,,,,
,,,,
,,,,
,,,,
,,,,
,,,,
,,,,
,,,,
,,,,
,,,,
,,,,
,,,,
,,,,
,,,,
,,,,
,,,,
,,,,
,,,,
,,,,
,,,,
,,,,
,,,,
,,,,
,,,,
,,,,
,,,,
,,,,
,,,,
,,,,
,,,,
,,,,
,,,,
,,,,
,,,,
,,,,
,,,,
传统戏剧,4108.6,2000.3,4248.4,34
,,,,
,,,,
,,,,
,,,,
,,,,
,,,,
,,,,
,,,,
,,,,
,,,,
,,,,
,,,,
,,,,
,,,,
,,,,
,,,,
,,,,
,,,,
,,,,
,,,,
,,,,
,,,,
,,,,
,,,,
,,,,
,,,,
,,,,
,,,,
,,,,
,,,,
,,,,
,,,,
,,,,
,,,,
传统戏剧,4080.7,2003.9,4005.4,47
,,,,
,,,,
,,,,
,,,,
,,,,
,,,,
,,,,
,,,,
,,,,
,,,,
,,,,
,,,,
,,,,
,,,,
,,,,
,,,,
,,,,
,,,,
,,,,
,,,,
,,,,
,,,,
,,,,
,,,,
,,,,
,,,,
,,,,
,,,,
,,,,
,,,,
,,,,
,,,,
,,,,
,,,,
,,,,
,,,,
,,,,
,,,,
,,,,
,,,,
,,,,
,,,,
,,,,
,,,,
,,,,
,,,,
,,,,
,,,,
,,,,
,,,,
,,,,
,,,,
,,,,
,,,,
,,,,
,,,,
,,,,
,,,,
,,,,
,,,,
,,,,
,,,,
,,,,
,,,,
,,,,
,,,,
,,,,
,,,,
,,,,
,,,,
,,,,
,,,,
,,,,
,,,,
,,,,
,,,,
,,,,
,,,,
,,,,
传统戏剧,4005.4,2003.8,3930.1,47
,,,,
,,,,
,,,,
,,,,
,,,,
,,,,
,,,,
,,,,
,,,,
,,,,
,,,,
,,,,
,,,,
,,,,
,,,,
,,,,
,,,,
,,,,
,,,,
,,,,
,,,,
,,,,
,,,,
,,,,
,,,,
,,,,
,,,,
,,,,
,,,,
,,,,
,,,,
,,,,
,,,,
,,,,
,,,,
,,,,
,,,,
,,,,
,,,,
传统戏剧,3968.8,2000.4,4108.6,34
,,,,
,,,,
,,,,
,,,,
,,,,
,,,,
,,,,
,,,,
,,,,
,,,,
,,,,
,,,,
,,,,
,,,,
,,,,
,,,,
,,,,
,,,,
,,,,
,,,,
,,,,
,,,,
,,,,
,,,,
,,,,
,,,,
,,,,
,,,,
,,,,
,,,,
,,,,
传统戏剧,3930.1,2003.7,3854.8,47
,,,,
,,,,
,,,,
,,,,
,,,,
,,,,
,,,,
,,,,
,,,,
,,,,
,,,,
,,,,
,,,,
,,,,
,,,,
,,,,
,,,,
,,,,
,,,,
,,,,
,,,,
,,,,
,,,,
,,,,
,,,,
,,,,
,,,,
,,,,
,,,,
,,,,
,,,,
,,,,
,,,,
,,,,
,,,,
,,,,
,,,,
,,,,
,,,,
,,,,
,,,,
,,,,
,,,,
,,,,
,,,,
,,,,
,,,,
,,,,
,,,,
,,,,
,,,,
,,,,
,,,,
,,,,
,,,,
,,,,
,,,,
,,,,
,,,,
,,,,
,,,,
,,,,
,,,,
,,,,
,,,,
传统戏剧,3854.8,2003.6,3779.5,47
,,,,
,,,,
,,,,
,,,,
,,,,
,,,,
,,,,
,,,,
,,,,
,,,,
,,,,
,,,,
,,,,
,,,,
,,,,
,,,,
,,,,
,,,,
,,,,
,,,,
,,,,
,,,,
,,,,
,,,,
,,,,
,,,,
传统戏剧,3829,2000.5,3968.8,34
,,,,
,,,,
,,,,
,,,,
,,,,
,,,,
,,,,
,,,,
,,,,
,,,,
,,,,
,,,,
,,,,
,,,,
,,,,
,,,,
,,,,
,,,,
,,,,
,,,,
,,,,
,,,,
,,,,
,,,,
,,,,
,,,,
,,,,
,,,,
,,,,
,,,,
,,,,
,,,,
,,,,
,,,,
,,,,
,,,,
,,,,
,,,,
传统戏剧,3779.5,2003.5,3704.2,47
,,,,
,,,,
,,,,
,,,,
,,,,
,,,,
,,,,
,,,,
,,,,
,,,,
,,,,
,,,,
,,,,
,,,,
,,,,
,,,,
,,,,
,,,,
,,,,
,,,,
,,,,
,,,,
,,,,
,,,,
,,,,
,,,,
,,,,
,,,,
,,,,
,,,,
,,,,
,,,,
,,,,
,,,,
,,,,
,,,,
,,,,
,,,,
,,,,
,,,,
,,,,
,,,,
,,,,
,,,,
,,,,
,,,,
,,,,
,,,,
,,,,
,,,,
,,,,
,,,,
,,,,
,,,,
,,,,
,,,,
,,,,
,,,,
,,,,
,,,,
,,,,
,,,,
,,,,
,,,,
传统戏剧,3704.2,2003.4,3628.9,47
,,,,
,,,,
,,,,
,,,,
,,,,
,,,,
,,,,
,,,,
,,,,
,,,,
,,,,
,,,,
,,,,
,,,,
,,,,
,,,,
,,,,
传统戏剧,3689.2,2000.6,3829,35
,,,,
,,,,
,,,,
,,,,
,,,,
,,,,
,,,,
,,,,
,,,,
,,,,
,,,,
,,,,
,,,,
,,,,
,,,,
,,,,
,,,,
,,,,
,,,,
,,,,
,,,,
,,,,
,,,,
,,,,
,,,,
,,,,
,,,,
,,,,
,,,,
,,,,
,,,,
,,,,
,,,,
,,,,
,,,,
,,,,
,,,,
,,,,
,,,,
,,,,
,,,,
,,,,
,,,,
,,,,
,,,,
,,,,
,,,,
,,,,
,,,,
,,,,
,,,,
,,,,
,,,,
,,,,
,,,,
,,,,
,,,,
,,,,
,,,,
,,,,
,,,,
,,,,
,,,,
,,,,
,,,,
,,,,
,,,,
,,,,
,,,,
,,,,
,,,,
,,,,
传统戏剧,3628.9,2003.3,3553.6,48
,,,,
,,,,
,,,,
,,,,
,,,,
,,,,
,,,,
,,,,
,,,,
,,,,
,,,,
,,,,
,,,,
,,,,
,,,,
,,,,
,,,,
,,,,
,,,,
,,,,
,,,,
,,,,
,,,,
,,,,
,,,,
,,,,
,,,,
,,,,
,,,,
,,,,
,,,,
,,,,
,,,,
,,,,
,,,,
,,,,
,,,,
,,,,
,,,,
,,,,
,,,,
,,,,
,,,,
,,,,
,,,,
,,,,
,,,,
,,,,
,,,,
,,,,
,,,,
,,,,
,,,,
,,,,
,,,,
,,,,
,,,,
,,,,
,,,,
,,,,
,,,,
,,,,
,,,,
,,,,
,,,,
,,,,
,,,,
,,,,
,,,,
,,,,
,,,,
,,,,
,,,,
,,,,
,,,,
,,,,
,,,,
,,,,
,,,,
,,,,
,,,,
,,,,
,,,,
,,,,
,,,,
,,,,
,,,,
,,,,
,,,,
传统戏剧,3553.6,2003.2,3478.3,49
,,,,
,,,,
,,,,
,,,,
,,,,
传统戏剧,3549.4,2000.7,3689.2,36
,,,,
,,,,
,,,,
,,,,
,,,,
,,,,
,,,,
,,,,
,,,,
,,,,
,,,,
,,,,
,,,,
,,,,
,,,,
,,,,
,,,,
,,,,
,,,,
,,,,
,,,,
,,,,
,,,,
,,,,
,,,,
,,,,
,,,,
,,,,
,,,,
,,,,
,,,,
,,,,
,,,,
,,,,
,,,,
,,,,
,,,,
,,,,
,,,,
,,,,
,,,,
,,,,
,,,,
,,,,
,,,,
,,,,
,,,,
,,,,
,,,,
,,,,
,,,,
,,,,
,,,,
,,,,
,,,,
,,,,
,,,,
,,,,
,,,,
,,,,
,,,,
,,,,
,,,,
,,,,
,,,,
,,,,
,,,,
,,,,
,,,,
,,,,
,,,,
,,,,
,,,,
,,,,
,,,,
,,,,
,,,,
,,,,
,,,,
,,,,
,,,,
,,,,
,,,,
,,,,
,,,,
传统戏剧,3478.3,2003.1,3403,49
,,,,
,,,,
,,,,
,,,,
,,,,
,,,,
,,,,
,,,,
,,,,
,,,,
,,,,
,,,,
,,,,
,,,,
,,,,
,,,,
,,,,
,,,,
,,,,
,,,,
,,,,
,,,,
,,,,
,,,,
,,,,
,,,,
,,,,
,,,,
,,,,
,,,,
,,,,
,,,,
,,,,
,,,,
,,,,
,,,,
,,,,
,,,,
,,,,
,,,,
,,,,
传统戏剧,3409.6,2000.8,3549.4,36
,,,,
,,,,
,,,,
,,,,
,,,,
,,,,
,,,,
,,,,
传统戏剧,3403,2003,3380.2,50
,,,,
,,,,
,,,,
,,,,
,,,,
,,,,
,,,,
,,,,
,,,,
,,,,
,,,,
,,,,
,,,,
,,,,
,,,,
,,,,
,,,,
,,,,
传统戏剧,3380.2,2002.9,3357.4,48
,,,,
,,,,
,,,,
,,,,
,,,,
,,,,
,,,,
,,,,
,,,,
,,,,
,,,,
,,,,
,,,,
,,,,
,,,,
传统戏剧,3357.4,2002.8,3334.6,48
,,,,
,,,,
,,,,
,,,,
,,,,
,,,,
,,,,
,,,,
,,,,
,,,,
,,,,
,,,,
,,,,
传统戏剧,3334.6,2002.7,3311.8,48
,,,,
,,,,
,,,,
,,,,
,,,,
,,,,
,,,,
,,,,
,,,,
,,,,
,,,,
,,,,
,,,,
,,,,
,,,,
,,,,
,,,,
,,,,
,,,,
传统戏剧,3311.8,2002.6,3289,48
,,,,
,,,,
,,,,
,,,,
,,,,
,,,,
,,,,
,,,,
,,,,
,,,,
,,,,
,,,,
,,,,
,,,,
,,,,
传统戏剧,3289,2002.5,3266.2,49
,,,,
,,,,
,,,,
,,,,
,,,,
,,,,
,,,,
,,,,
,,,,
,,,,
,,,,
,,,,
,,,,
,,,,
传统戏剧,3269.8,2000.9,3409.6,36
,,,,
,,,,
,,,,
传统戏剧,3266.2,2002.4,3243.4,49
,,,,
,,,,
,,,,
,,,,
,,,,
,,,,
,,,,
,,,,
,,,,
,,,,
,,,,
,,,,
,,,,
,,,,
传统戏剧,3243.4,2002.3,3220.6,49
,,,,
,,,,
,,,,
,,,,
,,,,
,,,,
,,,,
,,,,
,,,,
传统戏剧,3220.6,2002.2,3197.8,49
,,,,
,,,,
,,,,
,,,,
,,,,
,,,,
,,,,
,,,,
,,,,
,,,,
,,,,
,,,,
,,,,
,,,,
,,,,
传统戏剧,3197.8,2002.1,3175,49
,,,,
,,,,
,,,,
,,,,
,,,,
,,,,
,,,,
,,,,
,,,,
,,,,
,,,,
,,,,
传统戏剧,3175,2002,3170.5,49
,,,,
,,,,
,,,,
,,,,
传统戏剧,3170.5,2001.9,3166,43
,,,,
,,,,
传统戏剧,3166,2001.8,3161.5,43
,,,,
,,,,
,,,,
,,,,
,,,,
传统戏剧,3161.5,2001.7,3157,43
,,,,
,,,,
传统戏剧,3157,2001.6,3152.5,43
,,,,
,,,,
,,,,
传统戏剧,3152.5,2001.5,3148,43
,,,,
传统戏剧,3148,2001.4,3143.5,43
,,,,
,,,,
,,,,
传统戏剧,3143.5,2001.3,3139,43
,,,,
,,,,
,,,,
传统戏剧,3139,2001.2,3134.5,43
,,,,
,,,,
传统戏剧,3134.5,2001.1,3130,43
,,,,
,,,,
,,,,
传统戏剧,3130,2001,3269.8,43
,,,,
,,,,
,,,,
,,,,
,,,,
,,,,
,,,,
,,,,
,,,,
,,,,
,,,,
,,,,
,,,,
,,,,
,,,,
,,,,
,,,,
,,,,
,,,,
,,,,
,,,,
,,,,
,,,,
,,,,
,,,,
,,,,
,,,,
,,,,
,,,,
,,,,
,,,,
,,,,
,,,,
,,,,
,,,,
,,,,
,,,,
,,,,
,,,,
,,,,
,,,,
,,,,
,,,,
,,,,
,,,,
,,,,
,,,,
,,,,
,,,,
,,,,
,,,,
,,,,
,,,,
,,,,
,,,,
,,,,
,,,,
,,,,
,,,,
,,,,
,,,,
,,,,
,,,,
,,,,
,,,,
,,,,
,,,,
,,,,
,,,,
,,,,
,,,,
,,,,
,,,,
,,,,
,,,,
,,,,
,,,,
,,,,
,,,,
,,,,
,,,,
,,,,
,,,,
,,,,
,,,,
,,,,
,,,,
,,,,
,,,,
,,,,
,,,,
,,,,
,,,,
,,,,
,,,,
,,,,
,,,,
,,,,
,,,,
,,,,
,,,,
,,,,
,,,,
,,,,
,,,,
,,,,
,,,,
,,,,
,,,,
,,,,
,,,,
,,,,
,,,,
,,,,
,,,,
,,,,
,,,,
,,,,
,,,,
,,,,
,,,,
,,,,
,,,,
,,,,
,,,,
,,,,
,,,,
,,,,
,,,,
,,,,
,,,,
,,,,
,,,,
,,,,
,,,,
,,,,
,,,,
,,,,
,,,,
,,,,
,,,,
,,,,
,,,,
,,,,
,,,,
,,,,
,,,,
,,,,
,,,,
,,,,
,,,,
,,,,
,,,,
,,,,
,,,,
,,,,
,,,,
,,,,
,,,,
,,,,
,,,,
,,,,
,,,,
,,,,
,,,,
,,,,
,,,,
,,,,
,,,,
,,,,
,,,,
,,,,
,,,,
,,,,
,,,,
,,,,
,,,,
,,,,
,,,,
,,,,
,,,,
,,,,
,,,,
,,,,
,,,,
,,,,
,,,,
,,,,
,,,,
,,,,
,,,,
,,,,
,,,,
,,,,
,,,,
,,,,
,,,,
,,,,
,,,,
,,,,
,,,,
,,,,
,,,,
,,,,
,,,,
,,,,
,,,,
,,,,
,,,,
,,,,
,,,,
,,,,
,,,,
,,,,
,,,,
,,,,
,,,,
,,,,
,,,,
,,,,
,,,,
,,,,
,,,,
,,,,
,,,,
,,,,
,,,,
,,,,
,,,,
,,,,
,,,,
,,,,
,,,,
,,,,
,,,,
,,,,
,,,,
,,,,
,,,,
,,,,
,,,,
,,,,
,,,,
,,,,
,,,,
,,,,
,,,,
,,,,
,,,,
,,,,
,,,,
,,,,
,,,,
,,,,
,,,,
,,,,
,,,,
,,,,
,,,,
,,,,
,,,,
,,,,
,,,,
,,,,
,,,,
,,,,
,,,,
,,,,
,,,,
,,,,
,,,,
,,,,
,,,,
,,,,
,,,,
,,,,
,,,,
,,,,
,,,,
,,,,
,,,,
,,,,
,,,,
,,,,
,,,,
,,,,
,,,,
,,,,
,,,,
,,,,
,,,,
,,,,
,,,,
,,,,
,,,,
,,,,
,,,,
,,,,
,,,,
,,,,
,,,,
,,,,
,,,,
,,,,
,,,,
,,,,
,,,,
,,,,
,,,,
,,,,
,,,,
,,,,
,,,,
,,,,
,,,,
,,,,
,,,,
,,,,
,,,,
,,,,
,,,,
,,,,
,,,,
,,,,
,,,,
,,,,
,,,,
,,,,
,,,,
,,,,
,,,,
,,,,
,,,,
,,,,
,,,,
,,,,
,,,,
,,,,
,,,,
,,,,
,,,,
,,,,
,,,,
,,,,
,,,,
,,,,
,,,,
,,,,
,,,,
,,,,
,,,,
,,,,
,,,,
,,,,
,,,,
,,,,
,,,,
,,,,
,,,,
,,,,
,,,,
,,,,
,,,,
,,,,
,,,,
,,,,
,,,,
,,,,
,,,,
,,,,
,,,,
,,,,
,,,,
,,,,
,,,,
,,,,
,,,,
,,,,
,,,,
,,,,
,,,,
,,,,
,,,,
,,,,
,,,,
,,,,
,,,,
,,,,
,,,,
,,,,
,,,,
,,,,
,,,,
,,,,
,,,,
,,,,
,,,,
,,,,
,,,,
,,,,
,,,,
,,,,
,,,,
,,,,
,,,,
,,,,
,,,,
,,,,
,,,,
,,,,
,,,,
,,,,
,,,,
,,,,
,,,,
,,,,
,,,,
,,,,
,,,,
,,,,
,,,,
,,,,
,,,,
,,,,
,,,,
,,,,
,,,,
,,,,
,,,,
,,,,
,,,,
,,,,
,,,,
,,,,
,,,,
,,,,
,,,,
,,,,
,,,,
,,,,
,,,,
,,,,
,,,,
,,,,
,,,,
,,,,
,,,,
,,,,
,,,,
,,,,
,,,,
,,,,
,,,,
,,,,
,,,,
,,,,
,,,,
,,,,
,,,,
,,,,
,,,,
,,,,
,,,,
,,,,
,,,,
,,,,
,,,,
,,,,
,,,,
,,,,
,,,,
,,,,
,,,,
,,,,
,,,,
,,,,
,,,,
,,,,
,,,,
,,,,
,,,,
,,,,
,,,,
,,,,
,,,,
,,,,
,,,,
,,,,
,,,,
,,,,
,,,,
,,,,
,,,,
,,,,
,,,,
,,,,
,,,,
,,,,
,,,,
,,,,
,,,,
,,,,
,,,,
,,,,
,,,,
,,,,
,,,,
,,,,
,,,,
,,,,
,,,,
,,,,
,,,,
,,,,
,,,,
,,,,
,,,,
,,,,
,,,,
,,,,
,,,,
,,,,
,,,,
,,,,
,,,,
,,,,
,,,,
,,,,
,,,,
,,,,
,,,,
,,,,
,,,,
,,,,
,,,,
,,,,
,,,,
,,,,
,,,,
,,,,
,,,,
,,,,
,,,,
,,,,
,,,,
,,,,
,,,,
,,,,
,,,,
,,,,
,,,,
,,,,
,,,,
,,,,
,,,,
,,,,
,,,,
,,,,
,,,,
,,,,
,,,,
,,,,
,,,,
,,,,
,,,,
,,,,
,,,,
,,,,
,,,,
,,,,
,,,,
,,,,
,,,,
,,,,
,,,,
,,,,
,,,,
,,,,
,,,,
,,,,
,,,,
,,,,
,,,,
,,,,
,,,,
,,,,
,,,,
,,,,
,,,,
,,,,
,,,,
,,,,
,,,,
,,,,
,,,,
,,,,
,,,,
,,,,
,,,,
,,,,
,,,,
,,,,
,,,,
,,,,
,,,,
,,,,
,,,,
,,,,
,,,,
,,,,
,,,,
,,,,
,,,,
,,,,
,,,,
,,,,
,,,,
,,,,
,,,,
,,,,
,,,,
,,,,
,,,,
,,,,
,,,,
,,,,
,,,,
,,,,
,,,,
,,,,
,,,,
,,,,
,,,,
,,,,
,,,,
,,,,
,,,,
,,,,
,,,,
,,,,
,,,,
,,,,
,,,,
,,,,
,,,,
,,,,
,,,,
,,,,
,,,,
,,,,
,,,,
,,,,
,,,,
,,,,
,,,,
,,,,
,,,,
,,,,
,,,,
,,,,
,,,,
,,,,
,,,,
,,,,
,,,,
,,,,
,,,,
,,,,
,,,,
,,,,
,,,,
,,,,
,,,,
,,,,
,,,,
,,,,
,,,,
,,,,
,,,,
,,,,
,,,,
,,,,
,,,,
,,,,
,,,,
,,,,
,,,,
,,,,
,,,,
,,,,
,,,,
,,,,
,,,,
,,,,
,,,,
,,,,
,,,,
,,,,
,,,,
,,,,
,,,,
,,,,
,,,,
,,,,
,,,,
,,,,
,,,,
,,,,
,,,,
,,,,
,,,,
,,,,
,,,,
,,,,
,,,,
,,,,
,,,,
,,,,
,,,,
,,,,
,,,,
,,,,
,,,,
,,,,
,,,,
,,,,
,,,,
,,,,
,,,,
,,,,
,,,,
,,,,
,,,,
,,,,
,,,,
,,,,
,,,,
,,,,
,,,,
,,,,
,,,,
,,,,
,,,,
,,,,
,,,,
,,,,
,,,,
,,,,
,,,,
,,,,
,,,,
,,,,
,,,,
,,,,
,,,,
,,,,
,,,,
,,,,
,,,,
,,,,
,,,,
,,,,
,,,,
,,,,
,,,,
,,,,
,,,,
,,,,
,,,,
,,,,
,,,,
,,,,
,,,,
,,,,
,,,,
,,,,
,,,,
,,,,
,,,,
,,,,
,,,,
,,,,
,,,,
,,,,
,,,,
,,,,
,,,,
,,,,
,,,,
,,,,
,,,,
,,,,
,,,,
,,,,
,,,,
,,,,
,,,,
,,,,
,,,,
,,,,
,,,,
,,,,
,,,,
,,,,
,,,,
,,,,
,,,,
,,,,
,,,,
,,,,
,,,,
,,,,
,,,,
,,,,
,,,,
,,,,
,,,,
,,,,
,,,,
,,,,
,,,,
,,,,
,,,,
,,,,
,,,,
,,,,
,,,,
,,,,
,,,,
,,,,
,,,,
,,,,
,,,,
,,,,
,,,,
,,,,
,,,,
,,,,
,,,,
,,,,
,,,,
,,,,
,,,,
,,,,
,,,,
,,,,
,,,,
,,,,
,,,,
,,,,
,,,,
,,,,
,,,,
,,,,
,,,,
,,,,
,,,,
,,,,
,,,,
,,,,
,,,,
,,,,
,,,,
,,,,
,,,,
,,,,
,,,,
,,,,
,,,,
,,,,
,,,,
,,,,
,,,,
,,,,
,,,,
,,,,
,,,,
,,,,
,,,,
,,,,
,,,,
,,,,
,,,,
,,,,
,,,,
,,,,
,,,,
,,,,
,,,,
,,,,
,,,,
,,,,
,,,,
,,,,
,,,,
,,,,
,,,,
,,,,
,,,,
,,,,
,,,,
,,,,
,,,,
,,,,
,,,,
,,,,
,,,,
,,,,
,,,,
,,,,
,,,,
,,,,
,,,,
,,,,
,,,,
,,,,
,,,,
,,,,
,,,,
,,,,
,,,,
,,,,
,,,,
,,,,
,,,,
,,,,
,,,,
,,,,
,,,,
,,,,
,,,,
,,,,
,,,,
,,,,
,,,,
,,,,
,,,,
,,,,
,,,,
,,,,
,,,,
,,,,
,,,,
,,,,
,,,,
,,,,
,,,,
,,,,
,,,,
,,,,
,,,,
,,,,
,,,,
,,,,
,,,,
,,,,
,,,,
,,,,
,,,,
,,,,
,,,,
,,,,
,,,,
,,,,
,,,,
,,,,
,,,,
,,,,
,,,,
,,,,
,,,,
,,,,
,,,,
,,,,
,,,,
,,,,
,,,,
,,,,
,,,,
,,,,
,,,,
,,,,
,,,,
,,,,
,,,,
,,,,
,,,,
,,,,
,,,,
,,,,
,,,,
,,,,
,,,,
,,,,
,,,,
,,,,
,,,,
,,,,
,,,,
,,,,
,,,,
,,,,
,,,,
,,,,
,,,,
,,,,
,,,,
,,,,
,,,,
,,,,
,,,,
,,,,
,,,,
,,,,
,,,,
,,,,
,,,,
,,,,
,,,,
,,,,
,,,,
,,,,
,,,,
,,,,
,,,,
,,,,
,,,,
,,,,
,,,,
,,,,
,,,,
,,,,
,,,,
,,,,
,,,,
,,,,
,,,,
,,,,
,,,,
,,,,
,,,,
,,,,
,,,,
,,,,
,,,,
,,,,
,,,,
,,,,
,,,,
,,,,
,,,,
,,,,
,,,,
,,,,
,,,,
,,,,
,,,,
,,,,
,,,,
,,,,
,,,,
,,,,
,,,,
,,,,
,,,,
,,,,
,,,,
,,,,
,,,,
,,,,
,,,,
,,,,
,,,,
,,,,
,,,,
,,,,
,,,,
,,,,
,,,,
,,,,
,,,,
,,,,
,,,,
,,,,
,,,,
,,,,
,,,,
,,,,
,,,,
,,,,
,,,,
,,,,
,,,,
,,,,
,,,,
,,,,
,,,,
,,,,
,,,,
,,,,
,,,,
,,,,
,,,,
,,,,
,,,,
,,,,
,,,,
,,,,
,,,,
,,,,
,,,,
,,,,
,,,,
,,,,
,,,,
,,,,
,,,,
,,,,
,,,,
,,,,
,,,,
,,,,
,,,,
,,,,
,,,,
,,,,
,,,,
,,,,
,,,,
,,,,
,,,,
,,,,
,,,,
,,,,
,,,,
,,,,
,,,,
,,,,
,,,,
,,,,
,,,,
,,,,
,,,,
,,,,
,,,,
,,,,
,,,,
,,,,
,,,,
,,,,
,,,,
,,,,
,,,,
,,,,
,,,,
,,,,
,,,,
,,,,
,,,,
,,,,
,,,,
,,,,
,,,,
,,,,
,,,,
,,,,
,,,,
,,,,
,,,,
,,,,
,,,,
,,,,
,,,,
,,,,
,,,,
,,,,
,,,,
,,,,
,,,,
,,,,
,,,,
,,,,
,,,,
,,,,
,,,,
,,,,
,,,,
,,,,
,,,,
,,,,
,,,,
,,,,
,,,,
,,,,
,,,,
,,,,
,,,,
,,,,
,,,,
,,,,
,,,,
,,,,
,,,,
,,,,
,,,,
,,,,
,,,,
,,,,
,,,,
,,,,
,,,,
,,,,
,,,,
,,,,
,,,,
,,,,
,,,,
,,,,
,,,,
,,,,
,,,,
,,,,
,,,,
,,,,
,,,,
,,,,
,,,,
,,,,
,,,,
,,,,
,,,,
,,,,
,,,,
,,,,
,,,,
,,,,
,,,,
,,,,
,,,,
,,,,
,,,,
,,,,
,,,,
,,,,
,,,,
,,,,
,,,,
,,,,
,,,,
,,,,
,,,,
,,,,
,,,,
,,,,
,,,,
,,,,
,,,,
,,,,
,,,,
,,,,
,,,,
,,,,
,,,,
,,,,
,,,,
,,,,
,,,,
,,,,
,,,,
,,,,
,,,,
,,,,
,,,,
,,,,
,,,,
,,,,
,,,,
,,,,
,,,,
,,,,
,,,,
,,,,
,,,,
,,,,
,,,,
,,,,
,,,,
,,,,
,,,,
,,,,
,,,,
,,,,
,,,,
,,,,
,,,,
,,,,
,,,,
,,,,
,,,,
,,,,
,,,,
,,,,
,,,,
,,,,
,,,,
,,,,
,,,,
,,,,
,,,,
,,,,
,,,,
,,,,
,,,,
,,,,
,,,,
,,,,
,,,,
,,,,
,,,,
,,,,
,,,,
,,,,
,,,,
,,,,
,,,,
,,,,
,,,,
,,,,
,,,,
,,,,
,,,,
,,,,
,,,,
,,,,
,,,,
,,,,
,,,,
,,,,
,,,,
,,,,
,,,,
,,,,
,,,,
,,,,
,,,,
,,,,
,,,,
,,,,
,,,,
,,,,
,,,,
,,,,
,,,,
,,,,
,,,,
,,,,
,,,,
,,,,
,,,,
,,,,
,,,,
,,,,
,,,,
,,,,
,,,,
,,,,
,,,,
,,,,
,,,,
,,,,
,,,,
,,,,
,,,,
,,,,
,,,,
,,,,
,,,,
,,,,
,,,,
,,,,
,,,,
,,,,
,,,,
,,,,
,,,,
,,,,
,,,,
,,,,
,,,,
,,,,
,,,,
,,,,
,,,,
,,,,
,,,,
,,,,
,,,,
,,,,
,,,,
,,,,
,,,,
,,,,
,,,,
,,,,
,,,,
,,,,
,,,,
,,,,
,,,,
,,,,
,,,,
,,,,
,,,,
,,,,
,,,,
,,,,
,,,,
,,,,
,,,,
,,,,
,,,,
,,,,
,,,,
,,,,
,,,,
,,,,
,,,,
,,,,
,,,,
,,,,
,,,,
,,,,
,,,,
,,,,
,,,,
,,,,
,,,,
,,,,
,,,,
,,,,
,,,,
,,,,
,,,,
,,,,
,,,,
,,,,
,,,,
,,,,
,,,,
,,,,
,,,,
,,,,
,,,,
,,,,
,,,,
,,,,
,,,,
,,,,
,,,,
,,,,
,,,,
,,,,
,,,,
,,,,
,,,,
,,,,
,,,,
,,,,
,,,,
,,,,
,,,,
,,,,
,,,,
,,,,
,,,,
,,,,
,,,,
,,,,
,,,,
,,,,
,,,,
,,,,
,,,,
,,,,
,,,,
,,,,
,,,,
,,,,
,,,,
,,,,
,,,,
,,,,
,,,,
,,,,
,,,,
,,,,
,,,,
,,,,
,,,,
,,,,
,,,,
,,,,
,,,,
,,,,
,,,,
,,,,
,,,,
,,,,
,,,,
,,,,
,,,,
,,,,
,,,,
,,,,
,,,,
,,,,
,,,,
,,,,
,,,,
,,,,
,,,,
,,,,
,,,,
,,,,
,,,,
,,,,
,,,,
,,,,
,,,,
,,,,
,,,,
,,,,
,,,,
,,,,
,,,,
,,,,
,,,,
,,,,
,,,,
,,,,
,,,,
,,,,
,,,,
,,,,
,,,,
,,,,
,,,,
,,,,
,,,,
,,,,
,,,,
,,,,
,,,,
,,,,
,,,,
,,,,
,,,,
,,,,
,,,,
,,,,
,,,,
,,,,
,,,,
,,,,
,,,,
,,,,
,,,,
,,,,
,,,,
,,,,
,,,,
,,,,
,,,,
,,,,
,,,,
,,,,
,,,,
,,,,
,,,,
,,,,
,,,,
,,,,
,,,,
,,,,
,,,,
,,,,
,,,,
,,,,
,,,,
,,,,
,,,,
,,,,
,,,,
,,,,
,,,,
,,,,
,,,,
,,,,
,,,,
,,,,
,,,,
,,,,
,,,,
,,,,
,,,,
,,,,
,,,,
,,,,
,,,,
,,,,
,,,,
,,,,
,,,,
,,,,
,,,,
,,,,
,,,,
,,,,
,,,,
,,,,
,,,,
,,,,
,,,,
,,,,
,,,,
,,,,
,,,,
,,,,
,,,,
,,,,
,,,,
,,,,
,,,,
,,,,
,,,,
,,,,
,,,,
,,,,
,,,,
,,,,
,,,,
,,,,
,,,,
,,,,
,,,,
,,,,
,,,,
,,,,
,,,,
,,,,
,,,,
,,,,
,,,,
,,,,
,,,,
,,,,
,,,,
,,,,
,,,,
,,,,
,,,,
,,,,
,,,,
,,,,
,,,,
,,,,
,,,,
,,,,
,,,,
,,,,
,,,,
,,,,
,,,,
,,,,
,,,,
,,,,
,,,,
,,,,
,,,,
,,,,
,,,,
,,,,
,,,,
,,,,
,,,,
,,,,
,,,,
,,,,
,,,,
,,,,
,,,,
,,,,
,,,,
,,,,
,,,,
,,,,
,,,,
,,,,
,,,,
,,,,
,,,,
,,,,
,,,,
,,,,
,,,,
,,,,
,,,,
,,,,
,,,,
,,,,
,,,,
,,,,
,,,,
,,,,
,,,,
,,,,
,,,,
,,,,
,,,,
,,,,
,,,,
,,,,
,,,,
,,,,
,,,,
,,,,
,,,,
,,,,
,,,,
,,,,
,,,,
,,,,
,,,,
,,,,
,,,,
,,,,
,,,,
,,,,
,,,,
,,,,
,,,,
,,,,
,,,,
,,,,
,,,,
,,,,
,,,,
,,,,
,,,,
,,,,
,,,,
,,,,
,,,,
,,,,
,,,,
,,,,
,,,,
,,,,
,,,,
,,,,
,,,,
,,,,
,,,,
,,,,
,,,,
,,,,
,,,,
,,,,
,,,,
,,,,
,,,,
,,,,
,,,,
,,,,
,,,,
,,,,
,,,,
,,,,
,,,,
,,,,
,,,,
,,,,
,,,,
,,,,
,,,,
,,,,
,,,,
,,,,
,,,,
,,,,
,,,,
,,,,
,,,,
,,,,
,,,,
,,,,
,,,,
,,,,
,,,,
,,,,
,,,,
,,,,
,,,,
,,,,
,,,,
,,,,
,,,,
,,,,
,,,,
,,,,
,,,,
,,,,
,,,,
,,,,
,,,,
,,,,
,,,,
,,,,
,,,,
,,,,
,,,,
,,,,
,,,,
,,,,
,,,,
,,,,
,,,,
,,,,
,,,,
,,,,
,,,,
,,,,
,,,,
,,,,
,,,,
,,,,
,,,,
,,,,
,,,,
,,,,
,,,,
,,,,
,,,,
,,,,
,,,,
,,,,
,,,,
,,,,
,,,,
,,,,
,,,,
,,,,
,,,,
,,,,
,,,,
,,,,
,,,,
,,,,
,,,,
,,,,
,,,,
,,,,
,,,,
,,,,
,,,,
,,,,
,,,,
,,,,
,,,,
,,,,
,,,,
,,,,
,,,,
,,,,
,,,,
,,,,
,,,,
,,,,
,,,,
,,,,
,,,,
,,,,
,,,,
,,,,
,,,,
,,,,
,,,,
,,,,
,,,,
,,,,
,,,,
,,,,
,,,,
,,,,
,,,,
,,,,
,,,,
,,,,
,,,,
,,,,
,,,,
,,,,
,,,,
,,,,
,,,,
,,,,
,,,,
,,,,
,,,,
,,,,
,,,,
,,,,
,,,,
,,,,
,,,,
,,,,
,,,,
,,,,
,,,,
,,,,
,,,,
,,,,
,,,,
,,,,
,,,,
,,,,
,,,,
,,,,
,,,,
,,,,
,,,,
,,,,
,,,,
,,,,
,,,,
,,,,
,,,,
,,,,
,,,,
,,,,
,,,,
,,,,
,,,,
,,,,
,,,,
,,,,
,,,,
,,,,
,,,,
,,,,
,,,,
,,,,
,,,,
,,,,
,,,,
,,,,
,,,,
,,,,
,,,,
,,,,
,,,,
,,,,
,,,,
,,,,
,,,,
,,,,
,,,,
,,,,
,,,,
,,,,
,,,,
,,,,
,,,,
,,,,
,,,,
,,,,
,,,,
,,,,
,,,,
,,,,
,,,,
,,,,
,,,,
,,,,
,,,,
,,,,
,,,,
,,,,
,,,,
,,,,
,,,,
,,,,
,,,,
,,,,
,,,,
,,,,
,,,,
,,,,
,,,,
,,,,
,,,,
,,,,
,,,,
,,,,
,,,,
,,,,
,,,,
,,,,
,,,,
,,,,
,,,,
,,,,
,,,,
,,,,
,,,,
,,,,
,,,,
,,,,
,,,,
,,,,
,,,,
,,,,
,,,,
,,,,
,,,,
,,,,
,,,,
,,,,
,,,,
,,,,
,,,,
,,,,
,,,,
,,,,
,,,,
,,,,
,,,,
,,,,
,,,,
,,,,
,,,,
,,,,
,,,,
,,,,
,,,,
,,,,
,,,,
,,,,
,,,,
,,,,
,,,,
,,,,
,,,,
,,,,
,,,,
,,,,
,,,,
,,,,
,,,,
,,,,
,,,,
,,,,
,,,,
,,,,
,,,,
,,,,
,,,,
,,,,
,,,,
,,,,
,,,,
,,,,
,,,,
,,,,
,,,,
,,,,
,,,,
,,,,
,,,,
,,,,
,,,,
,,,,
,,,,
,,,,
,,,,
,,,,
,,,,
,,,,
,,,,
,,,,
,,,,
,,,,
,,,,
,,,,
,,,,
,,,,
,,,,
,,,,
,,,,
,,,,
,,,,
,,,,
,,,,
,,,,
,,,,
,,,,
,,,,
,,,,
传统舞蹈,NA,2000,NA,64
传统舞蹈,NA,2000.1,NA,64
传统舞蹈,NA,2000.2,NA,64
传统舞蹈,NA,2000.3,NA,64
传统舞蹈,NA,2000.4,NA,64
传统舞蹈,NA,2000.5,NA,64
传统舞蹈,NA,2000.6,NA,64
传统舞蹈,NA,2000.7,NA,64
传统舞蹈,NA,2000.8,NA,64
传统舞蹈,NA,2000.9,NA,64
传统舞蹈,NA,2001,NA,68
传统舞蹈,NA,2001.1,NA,68
传统舞蹈,NA,2001.2,NA,68
传统舞蹈,NA,2001.3,NA,68
传统舞蹈,NA,2001.4,NA,68
传统舞蹈,NA,2001.5,NA,68
传统舞蹈,NA,2001.6,NA,68
传统舞蹈,NA,2001.7,NA,68
传统舞蹈,NA,2001.8,NA,68
传统舞蹈,NA,2001.9,NA,68
传统舞蹈,NA,2002,NA,74
传统舞蹈,NA,2002.1,NA,74
传统舞蹈,NA,2002.2,NA,74
传统舞蹈,NA,2002.3,NA,74
传统舞蹈,NA,2002.4,NA,74
传统舞蹈,NA,2002.5,NA,74
传统舞蹈,NA,2002.6,NA,74
传统舞蹈,NA,2002.7,NA,74
传统舞蹈,NA,2002.8,NA,74
传统舞蹈,NA,2002.9,NA,74
传统舞蹈,NA,2003,NA,76
传统舞蹈,NA,2003.1,NA,76
传统舞蹈,NA,2003.2,NA,76
传统舞蹈,NA,2003.3,NA,76
传统舞蹈,NA,2003.4,NA,76
传统舞蹈,NA,2003.5,NA,76
传统舞蹈,NA,2003.6,NA,76
传统舞蹈,NA,2003.7,NA,76
传统舞蹈,NA,2003.8,NA,76
传统舞蹈,NA,2003.9,NA,76
传统舞蹈,NA,2004,NA,78
传统舞蹈,NA,2004.1,NA,78
传统舞蹈,NA,2004.2,NA,78
传统舞蹈,NA,2004.3,NA,78
传统舞蹈,NA,2004.4,NA,78
传统舞蹈,NA,2004.5,NA,78
传统舞蹈,NA,2004.6,NA,78
传统舞蹈,NA,2004.7,NA,78
传统舞蹈,NA,2004.8,NA,78
传统舞蹈,NA,2004.9,NA,78
